Datasety_Intenzita ŽD;;;;;;;;;;;;;;;
;;;;;;;;;;;;;;;
2025;;;;;;;;;;;;;;;
;;;;;;;;;;;;;;;
;Počet vých vlakov;;;;Počet konč vlakov;;;;Počet tranz vlakov;;;;Počet vých vlakov;Počet konč vlakov;Počet tranz vlakov
;N;;O;;N;;O;;N;;O;;;;
Úplný názov dopravného bodu;ND;ND osobitného určenia;OD;OD osobitného určenia;ND;ND osobitného určenia;OD;OD osobitného určenia;ND;ND osobitného určenia;OD;OD osobitného určenia;;;
AH Beluša;0;0;0;0;0;0;0;0;8206;1861;39527;170;0;0;49764
AH Bodovice;0;0;0;0;0;0;0;0;2147;715;15744;141;0;0;18747
AH Budča;0;0;0;0;0;0;0;0;968;1210;14195;272;0;0;16645
AH Bôrik;0;0;0;0;0;0;0;0;11188;3036;24836;102;0;0;39162
AH Dolina;0;0;0;0;0;0;0;0;7467;2542;57702;154;0;0;67865
AH Drahovce;0;0;0;0;0;0;0;0;7339;1582;28454;113;0;0;37488
AH Dubeň;0;0;0;0;0;0;0;0;8370;3796;19941;333;0;0;32440
AH Dubovec;0;0;0;0;0;0;0;0;8481;2095;33474;199;0;0;44249
AH Filice;0;0;0;0;0;0;0;0;5447;1512;12408;44;0;0;19411
AH Hliny;0;0;0;0;0;0;0;0;238;95;4149;1;0;0;4483
AH Hôrka;0;0;0;0;0;0;0;0;5447;1512;12408;44;0;0;19411
AH Kotešová;0;0;0;0;0;0;0;0;8902;2000;32938;223;0;0;44063
AH Lieskovec;0;0;0;0;0;0;0;0;1553;1286;15437;33;0;0;18309
AH Madunice;0;0;0;0;0;0;0;0;7385;1598;28454;113;0;0;37550
AH Manín;0;0;0;0;0;0;0;0;8720;2035;32934;207;0;0;43896
AH Melčice;0;0;0;0;0;0;0;0;7634;1709;37435;118;0;0;46896
AH Milochov;0;0;0;0;0;0;0;0;8481;2095;33474;199;0;0;44249
AH Most;0;0;0;0;0;0;0;0;1554;1363;15437;28;0;0;18382
AH Nacina Ves;0;0;0;0;0;0;0;0;30;74;403;4;0;0;511
AH Nimnica;0;0;0;0;0;0;0;0;8481;2095;33474;199;0;0;44249
AH Nosice;0;0;0;0;0;0;0;0;8481;2095;33474;199;0;0;44249
AH Opatová;0;0;0;0;0;0;0;0;8105;1760;42740;117;0;0;52722
AH Petrovce nad Laborcom;0;0;0;0;0;0;0;0;30;74;403;4;0;0;511
AH Podhradie;0;0;0;0;0;0;0;0;1845;1433;6265;34;0;0;9577
AH Príkrik;0;0;0;0;0;0;0;0;8816;2090;32938;231;0;0;44075
AH Prílohy;0;0;0;0;0;0;0;0;6939;3300;46741;89;0;0;57069
AH Rašov;0;0;0;0;0;0;0;0;8720;2035;32934;207;0;0;43896
AH Richtárske;0;0;0;0;0;0;0;0;6938;3299;46741;89;0;0;57067
AH Rohov;0;0;0;0;0;0;0;0;1534;869;175;2;0;0;2580
AH Straník;0;0;0;0;0;0;0;0;6742;1131;35419;270;0;0;43562
AH Suť;0;0;0;0;0;0;0;0;704;752;10163;4;0;0;11623
AH Torysa;0;0;0;0;0;0;0;0;3433;1717;24874;244;0;0;30268
AH Veľká;0;0;0;0;0;0;0;0;11214;3106;27076;108;0;0;41504
AH Vinosady;0;0;0;0;0;0;0;0;7527;2445;57689;155;0;0;67816
AH Voznica;0;0;0;0;0;0;0;0;485;354;7065;2;0;0;7906
AH Vŕšok;0;0;0;0;0;0;0;0;7467;2487;57696;155;0;0;67805
AH Záriečie;0;0;0;0;0;0;0;0;7634;1709;37435;117;0;0;46895
Abovce;0;0;0;0;0;0;0;0;833;427;5696;21;0;0;6977
Alekšince;7;40;1;0;7;39;818;0;1079;547;15212;1;48;864;16839
Andač;0;0;0;0;0;0;0;0;1090;607;16893;1;0;0;18591
Babiná;2;0;0;0;2;0;0;0;207;165;3971;5;2;2;4348
Bacúch;0;0;0;0;0;0;0;0;101;40;4764;1;0;0;4906
Bajč;3;10;18;0;2;12;18;0;2219;1404;8885;9;31;32;12517
Banská Belá;;2;0;0;;2;0;0;;24;2307;1;2;2;2332
Banská Belá zastávka;;0;0;0;;0;0;0;;28;2307;1;0;0;2336
Banská Bystrica;519;331;15787;6;448;540;15937;7;832;557;6399;44;16643;16932;7832
Banská Bystrica mesto;0;0;0;0;0;0;0;0;1409;765;27555;42;0;0;29771
Banská Štiavnica;;12;1153;1;;12;1154;0;;0;0;0;1166;1166;0
Banský Studenec;;0;0;0;;0;0;0;;24;2307;1;0;0;2332
Barca;464;855;2;0;467;1033;2;1;7708;3960;17444;149;1321;1503;29261
Barca St. 1;0;0;0;0;0;3;0;0;13723;5766;38414;236;0;3;58139
Barca St. 4;0;0;0;0;0;0;0;0;8375;4881;12601;140;0;0;25997
Bardejov;86;10;3569;2;84;66;3587;3;0;0;0;0;3667;3740;0
Bartošova Lehôtka;5;17;3;0;4;17;3;2;553;352;2988;214;25;26;4107
Bartošovce;0;0;0;0;0;0;0;0;170;76;7156;5;0;0;7407
Behynce;;0;0;;;0;0;;;59;10;;0;0;69
Beluša;0;0;0;0;0;0;0;0;8206;1861;39527;170;0;0;49764
Belá nad Cirochou;0;0;0;0;0;0;0;0;246;12;7954;56;0;0;8268
Bernolákovo;19;94;5;0;20;99;6;2;9543;2704;37464;141;118;127;49852
Betliar;22;3;1;;22;4;1;;62;124;2;;26;27;188
Beňuš;0;0;0;0;0;0;0;0;101;40;4764;1;0;0;4906
Beša;12;69;1;0;6;68;2;0;540;696;12825;6;82;76;14067
Biel;0;0;0;0;0;0;0;0;4489;2135;11525;21;0;0;18170
Bielovce;0;0;0;0;0;0;0;0;25;92;1945;1;0;0;2063
Biskupová;;0;0;;;0;0;;;67;8;;0;0;75
Blhovce;0;10;2;1;0;11;5;0;705;221;9549;19;13;16;10494
Bodza;0;0;0;;0;0;0;;1801;220;9767;;0;0;11788
Bohdanovce;0;0;0;0;0;0;0;0;6171;2187;20965;78;0;0;29401
Bohúňovo;0;0;0;0;0;0;0;0;835;211;5696;24;0;0;6766
Boleráz;18;29;3;0;20;27;6;0;1308;1103;10134;3;50;53;12548
Bolešov;0;0;0;;0;0;0;;74;8;12;;0;0;94
Borský Mikuláš;0;0;0;0;0;0;0;0;1669;1403;8894;2;0;0;11968
Borčice;0;0;0;;0;0;0;;74;8;12;;0;0;94
Borša;0;0;0;0;0;0;0;0;5420;1655;11530;19;0;0;18624
Bošany;0;40;17;0;0;40;18;1;594;469;14442;59;57;59;15564
Branč;0;0;0;0;0;0;0;0;421;330;10231;54;0;0;11036
Bratislava hlavná stanica;187;1383;61877;1040;193;1383;61801;994;13876;3986;7943;15;64487;64371;25820
Bratislava predmestie;81;274;0;1;197;172;0;2;14637;4867;14490;25;356;371;34019
Bratislava východ;239;698;56;174;2811;1060;420;184;3035;2482;1908;23;1167;4475;7448
Bratislava východ odch. sk. Juh;2807;2173;760;39;427;1467;412;13;1211;393;3144;8;5779;2319;4756
Bratislava východ odch. sk. Sever;245;46;0;0;213;47;3;1;54;59;2;0;291;264;115
Bratislava ÚNS výh. č. 39;1087;615;;;1155;621;;;403;128;;;1702;1776;531
Bratislava ústredná nákladná stanica;3481;1363;4;1;2964;2051;4;0;11841;4337;4374;57;4849;5019;20609
Bratislava-Lamač;124;537;0;0;126;115;0;0;13478;4670;28132;48;661;241;46328
Bratislava-Nové Mesto;392;656;11192;682;403;624;12033;712;19516;5980;21095;55;12922;13772;46646
Bratislava-Petržalka;1084;3378;10230;32;1091;3629;10704;39;4509;1379;4215;34;14724;15463;10137
Bratislava-Pálenisko;226;73;;;177;55;;;0;0;;;299;232;0
Bratislava-Rača;322;444;50;18;309;455;53;20;7490;2281;58590;191;834;837;68552
Bratislava-Vajnory;390;900;37;27;468;887;31;29;9024;2370;37388;90;1354;1415;48872
Bratislava-Vinohrady;0;0;0;0;0;2;0;0;3353;2804;50657;521;0;2;57335
Bratislava-Vinohrady2;0;0;0;0;0;0;2;0;6882;1252;32595;74;0;2;40803
Bratislava-Vrakuňa;0;0;0;;0;0;0;;5299;450;20238;;0;0;25987
Bratislava-Železná studienka;0;0;0;0;0;0;0;0;14010;4962;28132;48;0;0;47152
Brekov;0;0;0;0;0;0;0;0;856;151;7058;155;0;0;8220
Brestovany;0;0;0;0;0;1;0;0;6938;3299;46741;89;0;1;57067
Brestovec;0;0;2;;0;0;1;;7;48;5091;;2;1;5146
Breziny;0;0;0;0;0;0;0;0;311;220;3902;3;0;0;4436
Breziny nákladisko;0;0;0;0;0;0;0;0;312;220;3902;3;0;0;4437
Breznička;0;4;12;;0;8;19;;28;17;8317;;16;27;8362
Brezno;249;131;3974;37;248;134;3925;23;30;28;9667;1;4391;4330;9726
Brezno mesto;0;0;5766;0;0;0;5766;0;253;87;6579;24;5766;5766;6943
Brezno-Halny;0;2;0;0;0;2;0;0;253;83;6579;24;2;2;6939
Brezno-Rohozná;0;0;0;0;0;0;0;0;76;31;1815;23;0;0;1945
Brezová pod Bradlom;;2;4;;;2;4;;;0;0;;6;6;0
Brezová pod Bradlom zastávka;;0;0;;;0;0;;;4;8;;0;0;12
Brodno;0;0;0;0;0;0;0;0;10885;2243;30702;69;0;0;43899
Brodské;0;0;0;0;0;0;0;0;14085;3479;10481;27;0;0;28072
Brunovce;0;0;0;0;0;0;0;0;7254;1570;28452;110;0;0;37386
Brusno kúpele;0;0;0;0;0;0;0;0;733;200;10350;38;0;0;11321
Budatín odb.;0;0;0;0;0;0;0;0;10885;2243;30702;69;0;0;43899
Budkovce;103;112;;1;116;101;;0;328;591;;0;216;217;919
Bujakovo zastávka;0;0;0;0;0;0;0;0;177;52;4764;1;0;0;4994
Buková;0;0;0;0;0;0;0;0;1157;1132;10009;3;0;0;12301
Bušovce;0;0;0;0;0;0;0;0;200;22;8470;3;0;0;8695
Bystrany na Spiši;;0;0;;;0;0;;;6;144;;0;0;150
Bystričany;13;30;1;0;13;26;22;0;558;438;12804;66;44;61;13866
Bystré;0;0;0;0;0;0;0;0;1367;422;8815;41;0;0;10645
Bytča;101;117;2;7;101;130;2;9;8574;1894;32934;206;227;242;43608
Bytčica;41;15;35;0;44;14;34;0;166;109;4356;2;91;92;4633
Bzenica;0;0;0;0;0;0;0;0;622;496;10158;3;0;0;11279
Bziny;0;0;0;;0;0;0;;338;230;7987;;0;0;8555
Bzovská Lehôtka;0;0;0;0;0;0;0;0;251;165;3971;5;0;0;4392
Bzovík;0;0;0;0;0;0;0;0;216;119;1985;4;0;0;2324
Báhoň;0;0;0;0;0;0;0;0;7467;2487;57696;155;0;0;67805
Bánov;0;11;0;0;0;10;0;0;1283;656;19913;65;11;10;21917
Bánovce nad Bebravou;122;55;33;0;144;37;33;1;5;39;2829;2;210;215;2875
Bánovce nad Ondavou;60;467;3707;24;62;478;4029;27;696;474;425;7;4258;4596;1602
Bánovce nad Ondavou odb.;0;0;0;0;0;0;0;0;37;92;431;54;0;0;614
Bíňa;0;0;0;0;0;0;0;0;100;97;5112;5;0;0;5314
Bíňa zastávka;0;0;0;0;0;0;0;0;100;97;5112;5;0;0;5314
Bíňovce;0;0;0;0;0;0;0;0;1420;1138;10138;3;0;0;12699
Cerová-Lieskové;0;0;0;0;0;0;0;0;1157;1118;10009;3;0;0;12287
Cestice;0;0;0;0;0;0;0;0;2713;1410;12349;64;0;0;16536
Chmeľnica;0;0;0;0;0;0;0;0;9;17;361;2;0;0;389
Chotín;22;48;43;0;22;45;41;0;2124;1293;8903;9;113;108;12329
Chrabrany;0;0;0;0;0;0;0;0;601;402;15050;52;0;0;16105
Chrasť nad Hornádom;0;0;0;0;0;0;0;0;11190;1804;31102;79;0;0;44175
Chrenovec;0;2;8;0;0;1;12;0;379;259;6125;165;10;13;6928
Chvatimech;0;0;0;0;0;0;0;0;477;261;10352;38;0;0;11128
Chynorany;2;19;1509;3;2;19;1520;5;597;475;13513;60;1533;1546;14645
Cífer;0;47;4;1;0;52;6;4;7466;2465;57692;152;52;62;67775
Danielov dom;;0;0;;;0;0;;;17;14762;;0;0;14779
Debraď;0;0;;;0;0;;;190;79;;;0;0;269
Dedinky;0;0;1;0;0;0;1;0;15;23;4515;6;1;1;4559
Demjata;0;0;0;0;0;0;0;0;170;124;7167;5;0;0;7466
Demjata obec;0;0;0;0;0;0;0;0;170;124;7167;5;0;0;7466
Detva;0;0;0;0;0;0;0;0;974;690;15437;27;0;0;17128
Devičie;0;0;0;0;0;0;0;0;216;119;1985;4;0;0;2324
Devínska Nová Ves;1898;1202;26;8;1874;1580;32;9;11438;3022;28064;44;3134;3495;42568
Devínske Jazero;0;0;0;0;0;0;0;0;14625;3854;25021;40;0;0;43540
Diakovce;0;0;0;0;0;0;0;0;20;123;13;3;0;0;159
Diviaky;90;346;17;18;80;368;20;19;1877;608;15724;106;471;487;18315
Dlhá nad Oravou;2;29;76;;2;33;231;;192;68;7522;;107;266;7782
Dlhé nad Cirochou;3;0;45;0;3;0;45;0;246;12;7896;56;48;48;8210
Dlhé nad Cirochou obec;0;0;0;0;0;0;0;0;246;12;7954;56;0;0;8268
Dobrá;891;186;0;0;12;1044;0;0;4485;1336;11525;21;1077;1056;17367
Dobrá Niva;2;32;0;2;3;32;2;0;237;174;3902;3;36;37;4316
Dobrá Niva zastávka;0;0;0;0;0;0;0;0;309;196;3904;5;0;0;4414
Dobšinská Ľadová Jaskyňa;1;8;972;2;2;2;974;2;12;16;2571;2;983;980;2601
Dobšiná;49;34;1;;49;34;1;;0;0;0;;84;84;0
Dohňany;0;0;0;0;0;0;0;0;949;712;10488;5;0;0;12154
Dolná Seč;0;0;0;0;0;0;0;0;35;146;4588;1;0;0;4770
Dolné Hámre;0;0;0;0;0;0;0;0;485;354;7065;2;0;0;7906
Dolné Kočkovce;0;0;0;0;0;0;0;0;8206;1861;39527;170;0;0;49764
Dolné Krškany;0;0;0;0;0;0;0;0;428;358;10232;54;0;0;11072
Dolné Naštice;0;0;0;0;0;0;0;0;7;41;2833;3;0;0;2884
Dolný Bar;0;0;0;;0;0;0;;1789;203;9787;;0;0;11779
Dolný Harmanec;0;0;0;0;0;0;0;0;1575;1042;6652;22;0;0;9291
Dolný Hričov;77;93;3;4;77;97;3;8;8596;1948;32931;221;177;185;43696
Dolný Kubín;2;22;19;;2;29;42;;330;207;7933;;43;73;8470
Dolný Kubín zastávka;0;0;0;;0;0;0;;342;235;7969;;0;0;8546
Dolný Smokovec;;0;0;0;;0;0;0;;24;15593;1;0;0;15618
Dolný Štál;8;6;3;;7;8;10;;1786;203;9768;;17;25;11757
Domaníky;0;0;0;0;0;0;0;0;194;115;1985;4;0;0;2298
Drahovce zastávka;0;0;0;0;0;0;0;0;7339;1582;28454;113;0;0;37488
Drahňov;0;0;;;0;0;;;467;612;;;0;0;1079
Drienovec;0;0;0;0;0;0;0;0;2717;1299;6235;39;0;0;10290
Drienovská Nová Ves;61;175;54;1;69;200;128;2;3334;1554;24700;243;291;399;29831
Drienovská Nová Ves obec;0;0;0;0;0;0;0;0;3481;1774;24783;245;0;0;30283
Dubnica nad Váhom;22;57;2;0;13;71;5;1;7545;1777;39521;165;81;90;49008
Dubovec;0;0;0;0;0;0;0;0;772;242;5693;22;0;0;6729
Dubová;15;3;0;0;8;10;0;0;681;191;10350;38;18;18;11260
Dudince;0;0;0;0;0;0;0;0;176;108;2003;4;0;0;2291
Dulov;0;0;0;;0;0;0;;74;8;10;;0;0;92
Dunajov;0;0;0;0;0;0;0;0;10760;2365;30714;69;0;0;43908
Dunajská Streda;3271;219;9535;;3326;324;9534;;12;22;5771;;13025;13184;5805
Dvorianky;0;0;0;0;0;0;0;0;159;81;3;1;0;0;244
Dvorníky;0;0;0;0;0;0;0;0;176;108;2003;4;0;0;2291
Dvorníky-Zádiel;0;0;0;0;0;0;0;0;1859;1416;6278;37;0;0;9590
Dvory nad Žitavou;48;78;2;1;51;82;2;1;8013;3026;14197;137;129;136;25373
Dyčka;0;0;0;0;0;0;0;0;352;105;2685;7;0;0;3149
Dúbravka;0;0;;0;0;0;;0;670;783;;1;0;0;1454
EE Bytča;0;0;0;0;0;0;0;0;4398;1009;17191;130;0;0;22728
EE Púchov - Lúky;0;0;0;0;0;0;0;0;951;716;10489;5;0;0;12161
Fiľakovo;18;115;1971;10;24;113;3117;13;106;6;62;0;2114;3267;174
Fiľakovo St. 3;0;0;0;0;0;0;0;0;697;271;6219;13;0;0;7200
Fiľakovo zastávka;0;0;0;0;0;0;0;0;695;267;6218;12;0;0;7192
Forbasy;0;0;0;0;0;0;0;0;188;18;8462;3;0;0;8671
Fulianka;0;0;0;0;0;0;0;0;170;124;7167;5;0;0;7466
Galanta;403;914;14282;5;391;910;13884;11;10934;3339;23552;196;15604;15196;38021
Gašparovo;91;11;0;0;89;13;0;0;97;36;4764;1;102;102;4898
Gbelce;5;169;2;11;11;162;2;11;8051;2748;14192;115;187;186;25106
Gbely;0;17;29;2;0;15;28;1;296;187;8247;1;48;44;8731
Gbely zastávka;0;0;0;0;0;0;0;0;297;218;8280;2;0;0;8797
Gelnica;1;27;14;0;1;36;39;4;97;87;10724;3;42;80;10911
Gelnica mesto;0;0;0;0;0;0;0;0;203;92;10734;4;0;0;11033
Gelnica zastávka;0;0;0;0;0;0;0;0;203;92;10735;4;0;0;11034
Gemer;0;0;0;0;0;0;0;0;835;211;5696;24;0;0;6766
Gemerská Hôrka;1;1;0;0;1;2;0;0;832;208;5696;24;2;3;6760
Gemerská Hôrka zastávka;0;0;;;0;0;;;450;72;;;0;0;522
Gemerská Panica;0;0;0;0;0;0;0;0;835;211;5696;24;0;0;6766
Gemerská Poloma;0;0;0;;0;0;0;;98;124;2;;0;0;224
Gemerský Milhosť;0;0;;;0;0;;;450;51;;;0;0;501
Geča;0;0;0;0;0;0;0;0;2562;1558;4848;12;0;0;8980
Gortva;0;0;0;0;0;0;0;0;712;234;9551;19;0;0;10516
Gočovo;0;0;0;;0;0;0;;98;68;2;;0;0;168
Gyňov;0;0;0;0;0;0;0;0;2420;784;4846;11;0;0;8061
Gánovce;0;0;0;0;0;0;0;0;11556;3326;26770;82;0;0;41734
Gáň;19;88;11;0;25;86;12;0;2828;2006;11747;73;118;123;16654
Hajnáčka;2;3;1;0;1;4;1;0;709;227;9558;20;6;6;10514
Handlová;11;31;221;0;18;31;216;0;357;213;6131;165;263;265;6866
Haniska pri Košiciach;3154;2535;69;37;3316;2204;71;36;815;830;12459;68;5795;5627;14172
Haniska pri Košiciach ŠRT;1263;285;;;1419;128;;;0;0;;;1548;1547;0
Haniska pri Prešove;0;0;0;0;0;0;0;0;3433;1717;24874;244;0;0;30268
Hankovce;0;0;0;0;0;0;0;0;224;7;7802;56;0;0;8089
Hanušovce nad Topľou;0;6;10;5;0;18;48;0;1365;402;8745;41;21;66;10553
Hanušovce nad Topľou mesto;0;0;0;0;0;0;0;0;1367;406;8776;46;0;0;10595
Harichovce;0;0;0;;0;0;0;;8;8;44;;0;0;60
Harmanec;0;0;0;0;0;0;0;0;1575;1042;6652;22;0;0;9291
Harmanec jaskyňa;0;88;2;0;5;105;3;1;1569;968;6648;21;90;114;9206
Hatalov;3;32;;0;10;25;;0;610;781;;1;35;35;1392
Hatalov odb.;0;0;;0;0;0;;0;679;836;;1;0;0;1516
Hačava;;0;0;0;;0;0;0;;16;7504;4;0;0;7524
Hačava skálie;;0;0;0;;0;0;0;;16;7505;4;0;0;7525
Hažín nad Cirochou;0;0;0;0;0;0;0;0;459;14;7935;56;0;0;8464
Helcmanovce;0;0;0;0;0;0;0;0;203;86;10785;4;0;0;11078
Henckovce;0;0;0;;0;0;0;;98;124;2;;0;0;224
Hencovce;0;0;0;0;0;0;0;0;1291;323;8038;40;0;0;9692
Hertník;0;0;0;0;0;0;0;0;170;76;7156;5;0;0;7407
Heľpa;31;10;1;0;32;9;10;0;15;17;4744;1;42;51;4777
Hlboké;0;0;0;0;0;0;0;0;1123;934;10098;2;0;0;12157
Hlinné;0;0;0;0;0;0;0;0;1233;417;8815;39;0;0;10504
Hliník nad Hronom;28;109;0;0;30;112;2;0;410;479;10157;3;137;144;11049
Hlohovec;298;100;261;0;310;84;1808;0;1263;620;15066;1;659;2202;16950
Hnilec;0;0;0;0;0;2;0;0;15;23;4521;6;0;2;4565
Hnúšťa;;7;1;0;;6;4;0;;16;7502;4;8;10;7522
Hnúšťa zastávka;;0;0;0;;0;0;0;;16;7505;4;0;0;7525
Hodejov;0;0;0;0;0;0;0;0;712;234;9551;19;0;0;10516
Holiša;0;0;0;0;0;0;0;0;695;268;6219;12;0;0;7194
Holíč nad Moravou;0;37;40;3;1;36;42;0;295;117;8267;2;80;79;8681
Hontianske Nemce;11;1;0;0;11;3;0;0;183;115;1985;4;12;14;2287
Hontianske Tesáre;9;3;1;0;9;4;9;0;164;108;1985;4;13;22;2261
Horná Lehota;0;0;0;;0;0;0;;207;95;7732;;0;0;8034
Horná Streda;0;0;0;0;0;0;0;0;7255;1570;28452;110;0;0;37387
Horná Zlatná;0;0;0;;0;0;0;;1800;225;9685;;0;0;11710
Horná Štubňa;157;92;2192;8;151;82;2200;3;399;525;5929;223;2449;2436;7076
Horná Štubňa obec;0;0;1209;0;0;0;1209;0;1581;680;6663;21;1209;1209;8945
Horná Štubňa zastávka;0;0;0;0;0;0;0;0;679;549;6671;88;0;0;7987
Horné Ozorovce;0;0;0;0;0;0;1;0;271;129;2892;2;0;1;3294
Horné Srnie;161;74;4410;0;167;38;4412;1;22;16;131;0;4645;4618;169
Horný Hričov;0;0;0;0;0;0;0;0;8816;2090;32938;231;0;0;44075
Horný Pial;0;0;0;0;0;0;0;0;561;670;12826;6;0;0;14063
Horný Smokovec;;;0;;;;0;;;;14083;;0;0;14083
Horovce;0;0;0;;0;0;0;;74;8;10;;0;0;92
Hrabovec nad Laborcom;0;0;0;0;0;0;0;0;224;7;5910;56;0;0;6197
Hrachovište;0;0;3;0;0;0;17;0;23;508;8607;2;3;17;9140
Hrachovo;0;0;0;0;0;0;0;0;53;92;7493;4;0;0;7642
Hradište pod Vrátnom;;0;0;;;0;0;;;4;8;;0;0;12
Hraničná kontrola;0;0;0;;0;0;0;;1451;1819;3546;;0;0;6816
Hrboltová;0;0;0;0;0;0;0;0;12059;1363;29961;121;0;0;43504
Hrhov;2;127;11;0;4;129;16;0;1843;1306;6263;37;140;149;9449
Hrinište;0;69;0;0;0;71;0;0;817;852;8157;10;69;71;9836
Hrkovce;0;0;0;0;0;0;0;0;174;108;2003;4;0;0;2289
Hromoš;0;0;0;0;0;0;0;0;9;17;361;2;0;0;389
Hronec;79;11;4;;78;12;4;;0;0;0;;94;94;0
Hronovce;0;0;0;0;0;0;0;0;73;125;4653;1;0;0;4852
Hronsek;0;0;0;0;0;0;0;0;1427;875;27660;45;0;0;30007
Hronská Dúbrava;45;236;677;28;11;278;778;27;891;919;13530;219;986;1094;15559
Hronské Kľačany;0;0;0;0;0;0;0;0;394;494;4783;4;0;0;5675
Hronský Beňadik;4;10;0;0;7;7;0;0;73;104;2002;2;14;14;2181
Hucín;0;0;;;0;21;;;429;51;;;0;21;480
Hul;4;41;1;1;6;42;1;1;559;848;12835;8;47;50;14250
Humenné;10;74;11314;114;11;76;11333;117;813;10;73;18;11512;11537;914
Humenné mesto;0;0;0;0;0;0;0;0;378;7;7802;56;0;0;8243
Humenné mesto2;0;0;0;0;0;0;0;0;459;14;7935;56;0;0;8464
Huncovce;0;0;0;0;0;0;0;0;389;111;9912;7;0;0;10419
Hurbanovo;50;47;29;0;48;54;28;0;2121;1331;8883;9;126;130;12344
Hutníky;0;0;0;0;0;0;0;0;2131;1554;12461;69;0;0;16215
Ilava;2;47;1;0;0;47;2;2;7813;1719;39525;166;50;51;49223
Ipeľský Sokolec;0;0;0;0;0;0;0;0;25;92;1945;1;0;0;2063
Istebné;0;0;0;;0;0;0;;342;235;7968;;0;0;8545
Ivanka pri Dunaji;0;0;0;0;0;0;0;0;9580;2767;37472;143;0;0;49962
Ivanka pri Nitre;8;18;5;0;7;20;10;0;417;325;10220;54;31;37;11016
Jablonica;44;143;7;1;40;149;58;2;1085;882;9991;1;195;249;11959
Jablonica obec;;0;0;;;0;0;;;4;8;;0;0;12
Jablonov nad Turňou;6;341;3;2;9;227;14;2;1714;1107;6255;33;352;252;9109
Jablonové;0;5;0;;0;5;0;;1514;373;4;;5;5;1891
Jaklovce;0;0;0;0;0;0;0;0;203;149;10793;6;0;0;11151
Jalná;0;0;0;0;0;0;0;0;704;752;10163;4;0;0;11623
Jalovec;0;0;0;0;0;0;0;0;379;259;6146;165;0;0;6949
Jasov;0;0;;;0;0;;;190;79;;;0;0;269
Jastrabá;0;0;0;0;0;0;0;0;567;366;2996;214;0;0;4143
Jatov;0;0;0;0;0;0;0;0;11041;3806;26784;208;0;0;41839
Jazernica;0;0;0;0;0;0;0;0;2147;715;15744;141;0;0;18747
Jelenec;;42;0;2;;42;2;0;;99;0;0;44;44;99
Jelšava;0;0;;;0;1;;;382;50;;;0;1;432
Jelšavská Teplica;0;0;;;0;0;;;450;51;;;0;0;501
Jelšovce;3;53;1;0;2;53;0;0;624;563;15070;51;57;55;16308
Jesenské;54;93;6164;2;63;83;6627;5;685;183;4726;20;6313;6778;5614
Jesenské zastávka;0;0;0;0;0;0;0;0;129;78;7526;6;0;0;7739
Jesenské údolie;0;0;0;0;0;0;0;0;565;733;12826;6;0;0;14130
Jovice;0;0;0;0;0;0;0;0;1845;1433;6265;34;0;0;9577
Kalinovo;0;0;0;;0;0;0;;28;29;8342;;0;0;8399
Kalná nad Hronom;126;112;289;0;121;110;236;4;340;460;11241;4;527;471;12045
Kalša;0;0;0;0;0;0;0;0;6320;3938;20957;49;0;0;31264
Kamanová;0;0;0;0;0;0;0;0;601;436;15065;54;0;0;16156
Kamenica nad Cirochou;114;1;6;0;93;1;11;0;105;12;7924;56;121;105;8097
Kamenica nad Cirochou dvor;0;0;0;0;0;0;0;0;252;12;7937;56;0;0;8257
Kamenný Most nad Hronom;0;0;0;0;0;0;0;0;100;97;5112;5;0;0;5314
Kamenín;0;0;0;0;0;0;0;0;100;97;5112;5;0;0;5314
Kapince;;3;0;;;3;0;;;67;8;;3;3;75
Kapušany pri Prešove;452;263;368;1;457;105;562;5;1291;351;15027;58;1084;1129;16727
Katúň;;0;0;;;0;0;;;6;144;;0;0;150
Kaňová;;;0;0;;;0;0;;;379;2;0;0;381
Kechnec;0;0;0;0;0;0;0;0;2420;784;4846;11;0;0;8061
Kendice;0;0;0;0;0;0;0;0;3433;1717;24874;244;0;0;30268
Kežmarok;112;52;721;2;113;47;732;0;35;17;5500;5;887;892;5557
Kežmarok zastávka;0;0;0;0;0;0;0;0;236;22;8477;5;0;0;8740
Kežmarok-Pradiareň;0;0;0;0;0;0;0;0;236;22;8477;5;0;0;8740
Kluknava;0;0;0;0;0;0;0;0;11159;1475;31099;85;0;0;43818
Kláštor pod Znievom;0;0;0;0;0;0;0;0;2147;715;15744;141;0;0;18747
Klčovany;0;0;0;0;0;0;0;0;1440;1124;10141;3;0;0;12708
Kmeťovo;0;0;0;0;0;0;0;0;352;105;2685;7;0;0;3149
Kochanovce;0;0;0;0;0;0;0;0;378;7;7802;56;0;0;8243
Kociha;0;0;0;0;0;0;0;0;53;92;7494;4;0;0;7643
Kokava nad Rimavicou;12;3;972;;11;4;977;;0;4;6387;;987;992;6391
Kokava nad Rimavicou-Liešnica;0;0;0;;0;0;0;;23;11;6416;;0;0;6450
Komjatice;9;5;2;0;2;12;9;1;417;324;10221;54;16;24;11016
Komárany;0;0;0;0;0;0;0;0;1233;417;8815;39;0;0;10504
Komárno;531;353;9327;2;540;344;9328;3;3116;883;4;3;10213;10215;4006
Komárno St. 4;0;0;0;;0;0;0;;357;39;1;;0;0;397
Komárno zriaďovacia stanica;85;115;0;0;78;126;0;1;2002;1180;8986;8;200;205;12176
Komárno závody;0;0;0;;0;0;0;;1800;232;9673;;0;0;11705
Koniarovce;15;110;3;2;16;93;15;3;522;398;15053;50;130;127;16023
Konská pri Rajci;0;0;0;0;0;0;0;0;50;8;4458;1;0;0;4517
Kopčany;0;0;0;0;0;0;1;0;297;188;8270;3;0;1;8758
Kostiviarska;0;24;0;0;0;22;0;0;1575;1067;6652;22;24;22;9316
Kostolná-Zariečie;0;0;0;0;0;0;0;0;7634;1709;37435;117;0;0;46895
Kostoľany nad Hornádom;163;353;20;2;160;378;21;4;12286;3124;55040;259;538;563;70709
Kozelník;;4;0;0;;4;0;0;;28;2307;1;4;4;2336
Kozárovce;61;265;2412;5;54;280;2845;1;68;61;540;2;2743;3180;671
Kozárovce zastávka;0;0;0;;0;0;0;;72;123;2;;0;0;197
Koš;0;0;0;0;0;0;0;0;527;612;12854;69;0;0;14062
Košeca;0;0;0;0;0;0;0;0;7843;1737;39527;168;0;0;49275
Košice;1048;1765;37750;268;3432;1758;37944;195;10348;1907;7444;15;40831;43329;19714
Košice nákladná stanica;2400;1183;2;3;93;1098;0;1;9639;2842;2;168;3588;1192;12651
Košice predmestie;0;0;0;0;0;1;0;0;5961;3093;38410;218;0;1;47682
Koškovce;0;0;981;0;0;0;989;0;90;7;5864;56;981;989;6017
Košťany nad Turcom;0;0;0;0;0;0;0;0;2160;607;15730;153;0;0;18650
Kraľovany;128;373;4210;29;87;398;4201;28;11861;1271;29969;134;4740;4714;43235
Kraľovany zastávka;0;0;0;;0;0;0;;317;229;7982;;0;0;8528
Kremnica;3;25;6;2;1;31;9;3;564;351;2987;209;36;44;4111
Kremnické Bane;5;137;12;2;105;16;15;1;417;340;2975;206;156;137;3938
Krivany;0;0;0;0;0;0;0;0;1534;869;175;2;0;0;2580
Krivá;0;0;0;;0;0;0;;203;103;7789;;0;0;8095
Kriváň;28;272;6;4;53;118;7;4;765;355;15420;19;310;182;16559
Krišovská Liesková;0;0;;;0;0;;;170;315;;;0;0;485
Križovany nad Dudváhom;2;13;0;0;4;11;0;0;615;1029;11698;21;15;15;13363
Krompachy;26;169;8;0;24;244;9;3;10945;1320;31087;82;203;280;43434
Krpeľany;0;0;0;0;0;0;0;0;11825;1687;30409;192;0;0;44113
Krupina;22;40;989;3;19;52;1016;6;170;95;1943;0;1054;1093;2208
Krupina predmestie;0;0;0;0;0;0;0;0;247;165;3971;5;0;0;4388
Krušovce;0;0;0;0;0;0;0;0;594;534;14454;59;0;0;15641
Krásna Hôrka;0;0;0;;0;0;0;;183;87;7835;;0;0;8105
Krásna nad Hornádom;179;322;1;1;187;337;1;2;5799;1937;20964;84;503;527;28784
Krásno nad Kysucou;38;53;9;25;39;52;9;26;10659;2337;30695;18;125;126;43709
Krásny Brod;0;0;0;0;0;0;0;0;174;6;5902;56;0;0;6138
Kráľova Lehota;62;295;2;3;109;275;2;6;10884;1282;24843;87;362;392;37096
Kuchyňa;0;0;1;;0;0;1;;1497;373;2;;1;1;1872
Kuklov;0;0;0;0;0;0;0;0;1669;1429;8894;2;0;0;11994
Kunova Teplica;0;0;;;0;0;;;56;8;;;0;0;64
Kuzmice;4;234;0;0;0;940;0;0;4155;1814;12303;21;238;940;18293
Kvetoslavov;3;31;1536;;3;33;1210;;4698;377;19513;;1570;1246;24588
Kvetoslavov zastávka;0;0;0;;0;0;0;;4703;411;22452;;0;0;27566
Kysak;267;979;590;9;239;1268;820;21;11653;2271;54806;258;1845;2348;68988
Kysak výh. č. 35/36;0;0;0;0;0;0;0;0;11396;2104;31816;243;0;0;45559
Kysak výh. č. 39/40;0;0;0;0;0;0;0;0;3479;2046;24782;245;0;0;30552
Kysucké Nové Mesto;145;109;5;1;142;119;10;3;10611;2189;30697;67;260;274;43564
Kátov;0;0;0;0;0;0;0;0;5;27;8211;4;0;0;8247
Kútniky;0;0;0;;0;0;0;;1789;203;9787;;0;0;11779
Kúty;4218;2909;15571;13;4317;2912;15914;17;8690;1306;10592;18;22711;23160;20606
Kľačany;0;0;0;0;0;0;0;0;1288;708;15244;1;0;0;17241
Kľače;0;0;0;0;0;0;0;0;50;8;4458;1;0;0;4517
Kľušov;0;0;0;0;0;0;0;0;170;76;7156;5;0;0;7407
Lada;0;0;0;0;0;0;0;0;1368;395;8401;54;0;0;10218
Ladce;314;200;1;0;308;222;2;2;7522;1586;39523;168;515;534;48799
Ladice;;0;0;0;;0;0;0;;183;2;2;0;0;187
Lastovce;0;0;0;0;0;0;0;0;180;713;10037;5;0;0;10935
Lastovce odb.;0;0;0;0;0;0;0;0;180;714;10037;5;0;0;10936
Laškovce;0;0;0;0;0;0;0;0;37;91;431;54;0;0;613
Lednické Rovne;37;4;5;;37;4;5;;0;0;0;;46;46;0
Lehnice;6;26;1;;4;23;188;;4700;368;20568;;33;215;25636
Lenartovce;182;96;0;0;174;108;2;0;602;293;5692;21;278;284;6608
Leopoldov;2114;1864;737;65;2098;1941;754;70;5385;1407;46236;112;4780;4863;53140
Leopoldov zastávka;0;0;0;0;0;0;0;0;1854;716;18777;1;0;0;21348
Lesy svätého Huberta - Jasov;0;0;;;0;0;;;190;79;;;0;0;269
Letanovce;0;0;0;0;0;0;0;0;11548;3188;26834;79;0;0;41649
Levice;312;300;7293;1;304;329;6983;2;115;274;3069;4;7906;7618;3462
Levoča;4;4;22;;4;4;22;;0;0;0;;30;30;0
Lietavská Lúčka;135;61;70;0;135;42;66;1;8;8;4374;1;266;244;4391
Likier;;0;0;0;;0;0;0;;29;7505;4;0;0;7538
Lipany;50;202;6892;0;50;272;6708;4;1454;681;172;2;7144;7034;2309
Lipníky;0;28;1;3;1;57;269;5;1349;358;8308;46;32;332;10061
Lipovník;3;70;1;0;0;65;5;1;1781;1325;6254;33;74;71;9393
Liptovská Teplá;14;197;0;7;15;280;0;8;10865;1063;29955;103;218;303;41986
Liptovské Vlachy;0;0;0;0;0;0;0;0;11473;1396;29961;108;0;0;42938
Liptovský Hrádok;33;274;1896;1;34;291;1900;1;11094;1031;24848;90;2204;2226;37063
Liptovský Mikuláš;125;532;7422;22;123;636;7430;29;10475;760;21806;74;8101;8218;33115
Lisková;1209;306;0;0;1251;214;0;0;10165;1126;29961;111;1515;1465;41363
Lisková zastávka;0;0;0;0;0;0;0;0;11919;1571;29961;113;0;0;43564
Ličartovce;3;313;0;0;3;24;1;0;3190;1741;24781;245;316;28;29957
Lok;3;62;558;0;6;55;529;0;552;574;11742;6;623;590;12874
Lopej;0;0;0;0;0;0;0;0;710;195;10350;38;0;0;11293
Lovinobaňa;22;21;6;0;3;45;12;0;895;364;15412;19;49;60;16690
Lovinobaňa zastávka;0;0;0;0;0;0;0;0;928;384;15414;19;0;0;16745
Lozorno;0;0;0;;0;0;0;;1514;383;4;;0;0;1901
Lubeník;124;29;;;124;15;;;86;6;;;153;139;92
Ludanice;0;22;7;0;0;22;14;2;599;397;15042;52;29;38;16090
Lučatín;0;0;0;0;0;0;0;0;733;200;10349;38;0;0;11320
Lučenec;461;154;10905;13;434;162;12563;10;347;147;2304;4;11533;13169;2802
Lučivná;0;0;0;0;0;0;0;0;11188;3036;24834;102;0;0;39160
Lužianky;328;562;908;1;606;273;1571;3;674;383;21383;47;1799;2453;22487
Lužianky TIP;703;30;;;410;313;;;0;0;;;733;723;0
Lužianky TIP brána;0;0;;;0;0;;;1113;343;;;0;0;1456
Lysá pod Makytou;0;0;0;0;0;0;0;0;968;500;10458;2;0;0;11928
Lúky pod Makytou;78;129;18;1;79;129;19;4;871;477;10453;1;226;231;11802
Lúčnica nad Žitavou;0;0;0;0;0;0;0;0;352;105;2685;7;0;0;3149
Madunice;0;0;0;0;0;0;0;0;7385;1598;28454;113;0;0;37550
Makov;;2;4622;;;2;4626;;;0;0;;4624;4628;0
Malacky;325;177;10;0;328;181;13;0;13195;2927;24995;33;512;522;41150
Malá Lodina;69;266;16;1;65;353;16;4;10655;1588;31783;238;352;438;44264
Malá Maňa;0;0;0;0;0;0;0;0;352;105;2685;7;0;0;3149
Malá Paka;0;0;0;;0;0;0;;4703;407;20870;;0;0;25980
Malé Ripňany;;0;0;;;0;0;;;67;8;;0;0;75
Malé Zálužie;;0;0;;;0;0;;;73;8;;0;0;81
Malý Čepčín;0;0;0;0;0;0;0;0;2147;715;15744;141;0;0;18747
Margecany;448;526;6416;74;433;505;6546;98;10759;1134;30353;79;7464;7582;42325
Margecany zastávka;0;0;0;0;0;0;0;0;11218;1705;31793;239;0;0;44955
Markušovce;10;126;4;0;9;129;5;0;11160;1669;31093;79;140;143;44001
Martin;99;163;3795;1;97;151;3799;2;1915;564;15724;153;4058;4049;18356
Martinová;0;0;0;0;0;0;0;0;352;105;2685;7;0;0;3149
Matejovce nad Hornádom;0;0;0;0;0;0;0;0;11190;1804;31102;79;0;0;44175
Matejovce pri Poprade;1;11;0;0;1;13;0;0;388;234;11501;12;12;14;12135
Maňa;0;0;0;0;0;0;0;0;352;105;2685;7;0;0;3149
Maňa zastávka;0;0;0;0;0;0;0;0;352;105;2685;7;0;0;3149
Maťovce;78;73;;;78;72;;;0;0;;;151;150;0
Maťovce ŠRT;3057;1188;;;2978;1293;;;0;0;;;4245;4271;0
Medzev;89;28;;;89;29;;;0;0;;;117;118;0
Medzibrod;0;0;0;0;0;0;1;0;733;200;10347;38;0;1;11318
Medzibrodie nad Oravou;50;66;0;;81;34;0;;182;131;7987;;116;115;8300
Medzilaborce;87;3;737;12;87;3;736;12;0;0;5115;44;839;838;5159
Medzilaborce mesto;;;2853;27;;;2856;27;;;98;2;2880;2883;100
Melčice;0;0;0;0;0;0;0;0;7634;1709;37435;118;0;0;46896
Michal na Ostrove;0;0;0;;0;0;0;;4711;378;20650;;0;0;25739
Michal nad Žitavou;0;0;0;0;0;0;0;0;352;105;2685;7;0;0;3149
Michalovce;3;8;0;0;4;7;0;0;30;84;431;54;11;11;599
Michalovce zastávka;0;0;0;0;0;0;0;0;37;91;431;54;0;0;613
Michalová;0;0;0;0;0;0;0;0;76;31;1815;23;0;0;1945
Michalová zastávka;0;0;0;0;0;0;0;0;76;31;1815;23;0;0;1945
Michaľany;117;701;5532;7;108;1397;5494;9;4334;1084;11325;15;6357;7008;16758
Michaľany odb.;0;0;0;0;0;0;0;0;5245;2009;12303;21;0;0;19578
Mikušovce;;0;;;;0;;;;2;;;0;0;2
Milhostov;0;0;0;0;0;0;0;0;350;217;3;1;0;0;571
Miloslavov;0;0;0;;0;0;0;;4703;411;22453;;0;0;27567
Mlynky;0;0;2;0;0;0;4;0;15;23;4514;6;2;4;4558
Mlynky zastávka;0;0;0;0;0;0;0;0;15;23;4521;6;0;0;4565
Mlynárce;0;0;0;0;0;0;0;0;594;393;23005;50;0;0;24042
Mníchova Lehota;12;43;8;0;2;15;8;0;222;128;2892;2;63;25;3244
Mníšek nad Hnilcom;116;6;1;0;116;4;0;0;15;76;10781;4;123;120;10876
Modra nad Cirochou;0;0;0;0;0;0;0;0;252;12;7937;56;0;0;8257
Mokrance;0;0;0;0;0;0;0;0;2686;1386;12265;65;0;0;16402
Mokraď;0;0;0;;0;0;0;;338;230;7987;;0;0;8555
Mokrá Lúka;0;0;;;0;0;;;206;6;;;0;0;212
Moldava nad Bodvou;134;348;113;11;133;356;111;14;2376;1029;12258;39;606;614;15702
Moldava nad Bodvou mesto;0;0;3124;2;0;0;3124;1;190;79;0;0;3126;3125;269
Monastyr;0;0;0;0;0;0;0;0;174;6;5902;56;0;0;6138
Moravský Svätý Ján;0;0;0;0;0;0;0;0;13755;3191;25004;32;0;0;41982
Muránska Dlhá Lúka;;0;;;;0;;;;4;;;0;0;4
Muráň;;2;;;;2;;;;0;;;2;2;0
Mužla;22;121;0;0;20;125;0;0;8035;2708;14192;115;143;145;25050
Myjava;3;79;6511;;3;81;6518;;4;30;7;;6593;6602;41
Mýtna;0;0;0;0;0;0;0;0;941;434;15438;19;0;0;16832
Mýtna Nová Ves;0;0;0;0;0;0;0;0;601;436;15065;54;0;0;16156
Nacina Ves;0;0;0;0;0;0;0;0;30;92;431;54;0;0;607
Nadabula;0;0;0;;0;0;0;;142;131;4;;0;0;277
Neded;;1;;;;1;;;;0;;;1;1;0
Nedožery;0;0;0;;0;0;0;;66;4;18;;0;0;88
Nemecká;0;0;0;0;0;0;0;0;733;200;10350;38;0;0;11321
Nemčanka;50;52;0;0;43;63;0;0;1488;1120;10141;3;102;106;12752
Nemšová;52;127;0;0;51;131;0;0;393;102;8923;1;179;182;9419
Nitra;146;94;16592;1;144;99;16591;3;416;278;27;50;16833;16837;771
Nitra zastávka;0;0;0;0;0;0;0;0;594;393;23004;50;0;0;24041
Nitrianske Pravno;33;2;9;;33;2;9;;0;0;0;;44;44;0
Nižná;0;6;30;;0;3;79;;183;87;7722;;36;82;7992
Nižná Myšľa;34;166;0;2;33;282;0;2;5715;1998;20962;78;202;317;28753
Nižná Slaná;0;28;0;;0;28;0;;98;68;2;;28;28;168
Nižná Slaná obec;0;0;0;;0;0;0;;98;124;2;;0;0;224
Nižné Ružbachy;0;0;0;0;0;0;0;0;188;18;8462;3;0;0;8671
Nižné Čabiny;0;0;0;0;0;0;0;0;174;6;5902;56;0;0;6138
Nižný Hrabovec;19;46;738;31;31;24;782;29;1220;292;6520;39;834;866;8071
Nižný Kelčov;;0;0;;;0;0;;;4;9248;;0;0;9252
Nižný Skálnik;0;0;0;0;0;0;0;0;53;92;7493;4;0;0;7642
Nosice;0;0;0;0;0;0;0;0;8480;2095;33474;199;0;0;44248
Nová Baňa;213;130;2489;0;196;132;2576;0;77;103;1947;2;2832;2904;2129
Nová Lesná;;0;0;0;;0;0;0;;24;15592;1;0;0;15617
Nová Maša;0;0;0;0;0;0;0;0;15;17;4744;1;0;0;4777
Nová Polianka;;0;0;;;0;0;;;17;14762;;0;0;14779
Nová Stráž;0;0;0;;0;0;0;;1800;232;9673;;0;0;11705
Nová Ves nad Žitavou;0;0;0;0;0;0;0;0;350;102;2681;7;0;0;3140
Nová Vieska;0;0;0;0;0;0;0;0;8067;2969;14195;137;0;0;25368
Nováky;428;239;17;1;493;232;16;1;100;265;12849;67;685;742;13281
Nové Košariská;0;8;1;;0;6;73;;4703;411;22441;;9;79;27555
Nové Mesto nad Váhom;323;517;591;7;310;536;598;5;7102;1246;36604;109;1438;1449;45061
Nové Mesto nad Váhom výh. č. 48/49;0;1;0;0;0;1;0;0;7254;1568;28452;109;1;1;37383
Nové Mesto nad Váhom výh. č. 53/54;0;0;0;0;0;0;0;0;41;559;8630;2;0;0;9232
Nové Sady;;0;1;;;0;1;;;73;6;;1;1;79
Nové Zámky;1383;2136;25376;212;1396;2086;24929;168;8922;2262;6214;24;29107;28579;17422
Nový Smokovec;;0;0;;;0;0;;;17;14780;;0;0;14797
Nálepkovo;22;27;5078;5;22;27;4967;1;15;22;2619;2;5132;5017;2658
Nálepkovo-Peklisko;0;0;0;0;0;0;0;0;15;25;4521;6;0;0;4567
Obišovce;0;0;0;0;0;0;0;0;3479;2045;24781;245;0;0;30550
Ochodnica;0;0;0;0;0;0;0;0;10760;2365;30714;69;0;0;43908
Ochtiná;;0;;;;0;;;;8;;;0;0;8
Odb. Dolná Štubňa;0;1;1;0;0;1;1;1;2260;1227;15751;108;2;3;19346
Odb. Letisko;0;0;0;;0;0;0;;5299;450;20238;;0;0;25987
Odb. Močiar;8;56;0;0;9;52;0;0;14444;3068;34219;82;64;61;51813
Odb. Potok;0;0;0;0;1;1;0;0;12823;2479;35584;369;0;2;51255
Odb. Spišská Belá;0;0;0;0;0;0;0;0;236;22;8477;5;0;0;8740
Odb. Topoľčianky;0;0;0;0;0;0;0;0;404;129;6;4;0;0;543
Odb. Vinohrady;1;127;0;0;2;120;0;0;13086;6309;63536;553;128;122;83484
Odb. Váh;402;15;0;0;418;13;1;1;18150;6564;36251;386;417;433;61351
Okoličná na Ostrove;0;0;0;;0;0;0;;1800;225;9685;;0;0;11710
Okoličné;0;0;0;0;0;0;0;0;11239;1236;28648;92;0;0;41215
Okoč;0;0;0;;0;0;0;;1798;217;9769;;0;0;11784
Olcnava;0;0;0;0;0;0;0;0;11190;1804;31102;79;0;0;44175
Ondrochov;0;0;0;0;0;0;0;0;428;335;10235;55;0;0;11053
Opatová pri Lučenci;0;0;0;;0;0;0;;28;29;8343;;0;0;8400
Oravský Podzámok;2;20;3;;2;25;162;;180;91;7690;;25;189;7961
Oravský Podzámok zastávka;0;0;0;;0;0;0;;207;95;7732;;0;0;8034
Orechová Potôň;15;15;8;;13;23;152;;4706;363;20630;;38;188;25699
Orkucany;0;0;0;0;0;0;0;0;1642;910;13980;6;0;0;16538
Orlov;0;0;0;;0;0;0;;1263;505;186;;0;0;1954
Orávka;0;0;0;0;0;0;0;0;772;242;5693;22;0;0;6729
Oslany;0;9;0;0;0;9;23;0;581;489;12842;66;9;32;13978
Ostratice;0;0;0;0;0;0;0;0;24;51;2779;3;0;0;2857
Osuské;;0;0;;;0;0;;;4;8;;0;0;12
Oščadnica;0;0;0;0;0;0;0;0;10693;2414;30696;18;0;0;43821
Palárikovo;118;335;246;4;134;326;246;8;10886;3676;26785;211;703;714;41558
Paprad;0;13;1;;0;13;2;;7;274;7983;;14;15;8264
Parchovany;0;0;0;0;0;0;0;0;159;81;3;1;0;0;244
Partizánske;0;0;0;0;0;0;0;0;580;516;12878;66;0;0;14040
Partizánske zastávka;0;0;0;0;0;0;0;0;580;516;12877;66;0;0;14039
Pastovce;0;0;0;0;0;0;0;0;25;92;1945;1;0;0;2063
Pavlovce;0;0;0;0;0;0;0;0;1367;406;8776;46;0;0;10595
Pašková;0;0;;;0;0;;;56;8;;;0;0;64
Pekná Vyhliadka;;;0;;;;0;;;;14083;;0;0;14083
Pernek pri Zohore;0;0;0;;0;0;0;;1514;373;4;;0;0;1891
Petrovce nad Laborcom;0;0;0;0;0;0;0;0;30;92;431;54;0;0;607
Pezinok;101;212;457;18;101;203;459;22;7411;2227;57610;150;788;785;67398
Pezinok zastávka;0;0;1;0;0;0;1;0;7659;2454;58473;185;1;1;68771
Pečovská Nová Ves;0;0;0;0;0;0;0;0;1634;977;13775;6;0;0;16392
Piešťany;49;107;6;1;47;109;8;2;7245;1467;28442;110;163;166;37264
Plavecké Podhradie;10;15;1;;19;5;1;;0;0;0;;26;25;0
Plavecký Štvrtok;0;0;0;0;0;0;0;0;13372;3201;25018;33;0;0;41624
Plaveč;1182;474;166;0;1041;482;166;0;210;229;188;2;1822;1689;629
Plaveč výh. č. 1/3;0;0;0;;0;0;0;;1263;505;186;;0;0;1954
Plaveč výh. č. 5/6;0;0;0;0;0;0;0;0;1534;892;175;2;0;0;2603
Plavnica;0;0;0;0;0;0;0;0;9;17;361;2;0;0;389
Plevník-Drienové;0;0;0;0;0;0;0;0;8720;2035;32934;207;0;0;43896
Plešivec;931;669;299;1;923;837;309;3;201;56;5682;23;1900;2072;5962
Pod lesom;;0;2;0;;0;3;0;;24;15590;1;2;3;15615
Podbiel;15;10;2;;13;13;54;;126;88;7729;;27;80;7943
Podbrezová;301;87;1;0;312;93;1;0;105;136;10350;38;389;406;10629
Podhorany pri Kežmarku;0;0;0;0;0;0;0;0;200;22;8470;3;0;0;8695
Podhájska;6;64;6;0;6;52;9;2;529;771;12824;6;76;69;14130
Podkriváň;0;0;0;0;0;0;0;0;941;434;15438;19;0;0;16832
Podolínec;6;1;4;0;6;3;4;0;173;18;8462;3;11;13;8656
Podrečany;0;3;3;0;0;2;3;0;928;381;15408;19;6;5;16736
Podtureň;0;0;0;0;0;0;0;0;11239;1236;28648;92;0;0;41215
Podunajské Biskupice;289;10;298;;287;11;1168;;4713;427;20205;;597;1466;25345
Podvysoká;;0;0;;;0;0;;;8;9283;;0;0;9291
Podzámčok;0;0;0;0;0;0;0;0;312;220;3902;3;0;0;4437
Pohorelská Maša;0;0;0;0;0;0;0;0;15;17;4744;1;0;0;4777
Pohorelá;0;0;0;0;0;0;0;0;15;17;4744;1;0;0;4777
Pohronská Polhora;38;10;0;0;38;10;0;0;0;11;1815;23;48;48;1849
Pohronský Ruskov;17;7;0;0;8;16;0;0;72;122;4653;1;24;24;4848
Polomka;14;2;0;0;15;2;0;0;72;36;4764;1;16;17;4873
Polomka-Hámor;0;0;0;0;0;0;0;0;78;36;4764;1;0;0;4879
Poltár;2;2;971;;3;4;981;;21;11;6211;;975;988;6243
Poluvsie;0;0;0;0;0;0;0;0;50;8;4458;1;0;0;4517
Poprad-Spišská Sobota;0;0;0;0;0;0;0;0;389;258;11501;12;0;0;12160
Poprad-Tatry;582;534;9755;46;464;578;9766;36;10958;2760;22302;60;10917;10844;36080
Poprad-Tatry TEŽ;;11;7795;4;;13;7801;2;;0;0;0;7810;7816;0
Popradské Pleso;;0;0;;;0;0;;;15;14812;;0;0;14827
Poriadie;0;52;16;;0;50;15;;7;172;7952;;68;65;8131
Porúbka;0;0;0;0;0;0;0;0;50;8;4458;1;0;0;4517
Považany;0;0;0;0;0;0;0;0;7254;1570;28451;109;0;0;37384
Považská Bystrica;149;113;275;14;150;111;277;18;8413;1947;32533;187;551;556;43080
Považská Teplá;0;0;0;0;0;0;0;0;8720;2035;32934;207;0;0;43896
Pozba;0;0;0;0;0;0;0;0;553;798;12828;6;0;0;14185
Počkaj;6;11;;;6;11;;;8;57;;;17;17;65
Prakovce;0;3;0;0;0;3;25;0;155;86;10726;4;3;28;10971
Prakovce zastávka;0;0;0;0;0;0;0;0;203;92;10734;4;0;0;11033
Pravenec;0;0;0;;0;0;0;;66;4;18;;0;0;88
Predajná;0;0;0;0;0;0;0;0;710;195;10350;38;0;0;11293
Predmier;0;0;0;0;0;0;0;0;8719;2035;32934;207;0;0;43895
Preseľany nad Nitrou zastávka;0;0;0;0;0;0;0;0;601;436;15065;54;0;0;16156
Prešov;1146;1082;14051;130;1402;944;14276;112;1490;530;12963;36;16409;16734;15019
Prešov mesto;0;0;0;0;0;0;0;0;1643;877;13962;7;0;0;16489
Pribeník;13;99;0;0;12;242;1;0;5236;1541;11523;21;112;255;18321
Pribeta;15;95;0;0;11;104;0;0;8056;2943;14197;137;110;115;25333
Priekopa;0;0;0;0;0;0;0;0;2188;845;23321;156;0;0;26510
Priekopa odb.;0;0;0;0;0;0;0;0;2195;846;23321;156;0;0;26518
Prievidza;86;242;9495;106;84;195;9511;98;1;10;4;1;9929;9888;16
Prievidza St. 3;0;0;0;0;0;0;1;0;379;262;6149;165;0;1;6955
Prievidza nákladná stanica;68;103;5;2;56;108;6;2;389;485;12853;68;178;172;13795
Pruské;0;0;1;;0;0;1;;74;8;10;;1;1;92
Príbovce-Rakovo;23;58;11;6;12;76;9;6;1977;594;15726;141;98;103;18438
Prša;0;0;0;0;0;1;0;0;694;267;6219;12;0;1;7192
Psiare;0;0;0;0;0;0;0;0;79;111;2002;2;0;0;2194
Pstruša;0;2;0;0;0;2;0;0;1554;1359;15437;28;2;2;18378
Pusté Pole;0;160;0;0;0;59;0;0;1439;771;175;2;160;59;2387
Pusté Úľany;0;0;0;0;0;0;0;0;9475;2768;37428;140;0;0;49811
Pusté Čemerné;0;0;0;0;0;0;0;0;30;92;431;54;0;0;607
Párnica;20;20;3;;23;16;13;;300;214;7961;;43;52;8475
Píla;0;0;0;0;0;0;0;0;940;434;15438;19;0;0;16831
Púchov;534;863;9389;91;544;889;9395;77;7785;1426;32313;103;10877;10905;41627
Púchov zastávka;0;0;0;0;0;0;0;0;949;712;10488;5;0;0;12154
Púchov závody;1;2;0;0;1;2;1;0;949;712;10488;5;3;4;12154
Radava;0;0;0;0;0;0;0;0;561;870;12836;8;0;0;14275
Radošina;;30;5;;;29;5;;;0;0;;35;34;0
Radvaň;1;32;7;0;2;31;10;1;1407;763;27548;42;40;44;29760
Radvaň nad Laborcom;25;0;15;0;25;1;25;0;19;6;5880;56;40;51;5961
Rajec;25;4;2228;1;25;4;2230;0;0;0;0;0;2258;2259;0
Rajecké Teplice;0;0;0;0;0;0;0;0;50;8;4458;1;0;0;4517
Rakovec;0;0;0;0;0;0;0;0;15;23;4521;6;0;0;4565
Raková;;0;0;;;0;0;;;8;9283;;0;0;9291
Raková-Zemanov;;0;0;;;0;0;;;8;9283;;0;0;9291
Rapovce;;1;;;;1;;;;0;;;1;1;0
Raslavice;0;9;39;0;0;39;58;0;170;76;7100;5;48;97;7351
Reca;0;0;0;0;0;0;0;0;9475;2768;37428;140;0;0;49811
Remäta;0;0;43;0;0;0;32;0;366;229;6562;165;43;32;7322
Revúca;103;1;;;103;1;;;0;4;;;104;104;4
Revúcka Lehota;0;0;;;0;0;;;206;6;;;0;0;212
Richnava;0;0;0;0;0;0;0;0;11159;1475;31099;85;0;0;43818
Riečka;0;0;0;0;0;0;0;0;833;427;5696;21;0;0;6977
Rimavská Baňa;27;28;1;0;26;39;9;0;0;27;7488;4;56;74;7519
Rimavská Píla;;0;0;0;;0;0;0;;16;7505;4;0;0;7525
Rimavská Seč;2;79;2;0;2;82;5;1;769;208;5687;21;83;90;6685
Rimavská Sobota;87;68;2174;2;87;58;2181;2;3;21;5305;3;2331;2328;5332
Rimavské Brezovo;;0;0;0;;0;0;0;;29;7505;4;0;0;7538
Rimavské Janovce;0;0;0;0;0;0;0;0;129;78;7525;6;0;0;7738
Rimavské Janovce obec;0;0;0;0;0;0;0;0;129;78;7526;6;0;0;7739
Rimavské Zalužany;0;0;0;0;0;0;0;0;53;92;7493;4;0;0;7642
Rišňovce;140;105;0;0;130;125;32;0;1049;522;15233;1;245;287;16805
Rochovce;;0;;;;0;;;;8;;;0;0;8
Rohožník;712;207;0;;775;148;0;;28;19;2;;919;923;49
Rovinka;0;0;0;;0;0;0;;4703;425;22572;;0;0;27700
Roštár;;0;;;;0;;;;8;;;0;0;8
Rožkovany;0;0;0;0;0;0;0;0;1634;977;13775;6;0;0;16392
Rožňava;98;294;3;3;23;293;17;6;1538;1077;6257;26;398;339;8898
Rožňava mesto;0;0;0;;0;0;0;;142;131;4;;0;0;277
Rožňava predmestie;0;0;0;;0;0;0;;142;131;4;;0;0;277
Rudina;0;0;0;0;0;0;0;0;10885;2243;30702;69;0;0;43899
Rudno nad Hronom;0;0;0;0;0;0;0;0;485;354;7065;2;0;0;7906
Ruskov;107;1876;6;10;140;245;9;11;4475;1862;20945;57;1999;405;27339
Ruskovce;0;0;0;0;0;0;0;0;271;129;2892;2;0;0;3294
Rusovce;116;162;7;0;117;177;8;1;4255;1428;7276;32;285;303;12991
Ružomberok;178;336;9;4;145;439;15;8;11564;1071;29939;111;527;607;42685
Ružomberok-Rybárpole;0;0;0;0;0;0;0;0;12059;1363;29961;121;0;0;43504
Ružín;0;0;0;0;0;0;0;0;11218;1705;31794;239;0;0;44956
Rybany;12;5;27;0;7;11;27;0;6;38;2779;3;44;45;2826
Ráztočno;0;0;0;0;0;0;0;0;379;259;6146;165;0;0;6949
Sabinov;6;84;139;0;6;85;155;0;1548;859;13718;6;229;246;16131
Sačurov;0;0;0;0;0;0;0;0;159;81;3;1;0;0;244
Sedliacka Dubová;0;0;0;;0;0;0;;207;95;7732;;0;0;8034
Sedmerovec;0;0;0;;0;0;0;;74;8;12;;0;0;94
Sekule;22;182;0;1;24;170;0;2;13723;3134;25004;32;205;196;41893
Senec;186;268;30;1;193;264;33;2;9258;2522;37414;139;485;492;49333
Senica;292;289;1471;0;304;281;1443;0;1070;860;8038;2;2052;2028;9970
Sereď;120;464;136;56;132;460;131;56;2774;1705;11687;70;776;779;16236
Sečovce;144;74;0;0;143;74;0;0;107;75;3;1;218;217;186
Sečovská Polianka;0;0;0;0;0;0;0;0;159;81;3;1;0;0;244
Seňa;0;0;0;0;0;0;0;0;2420;784;4846;11;0;0;8061
Sibír;;0;0;;;0;0;;;17;14780;;0;0;14797
Siladice;121;154;1;0;114;166;1;0;2262;1029;175;157;276;281;3623
Skalica na Slovensku;2;11;4069;0;3;10;4068;4;0;6;74;0;4082;4085;80
Skalité;11;80;10314;0;16;76;10327;1;0;54;196;0;10405;10420;250
Skalité pod Poľanou;;0;0;;;0;0;;;55;7619;;0;0;7674
Skalité zastávka;0;0;0;0;0;0;0;0;27;209;13420;1;0;0;13657
Skalité-Kudlov;;0;0;;;0;0;;;55;7619;;0;0;7674
Skalité-Serafínov;;13;199;;;13;199;;;29;7221;;212;212;7250
Sklené pri Handlovej;4;9;2;0;5;6;2;0;365;228;6629;165;15;13;7387
Slanec;275;593;2;3;259;534;4;7;5909;3241;20946;48;873;804;30144
Slaná Lehota;0;0;0;;0;0;0;;23;11;6416;;0;0;6450
Slatina;0;0;0;0;0;0;0;0;176;108;2003;4;0;0;2291
Slavec jaskyňa;173;332;0;1;312;187;0;0;1260;1002;6285;26;506;499;8573
Slavošovce;;4;;;;4;;;;0;;;4;4;0
Slavošovce obec;;0;;;;0;;;;8;;;0;0;8
Slepčany;0;0;0;0;0;0;0;0;350;102;2681;7;0;0;3140
Sliač kúpele;48;19;34;1;46;21;57;1;1406;856;27643;45;102;125;29950
Slovenská Ľupča;5;0;0;1;5;2;0;0;645;200;10349;37;6;7;11231
Slovenská Ľupča-Príboj;0;0;0;0;0;0;0;0;743;202;10349;37;0;0;11331
Slovenské Nové Mesto;286;495;3;2;309;535;3;3;5115;1216;11527;18;786;850;17876
Sládkovičovo;472;256;16;1;483;267;20;8;8886;2535;37402;132;745;778;48955
Smižany;0;0;0;0;0;0;0;0;11548;3188;26834;79;0;0;41649
Smolenice;153;47;14;0;148;47;73;0;1130;1088;9995;3;214;268;12216
Snina;0;3;47;0;0;5;44;0;245;4;7863;56;50;49;8168
Snina mesto;0;0;0;0;0;0;0;0;246;12;7954;56;0;0;8268
Snina predmestie;0;0;0;0;0;0;0;0;246;12;7954;56;0;0;8268
Soblahov;0;0;0;0;0;0;0;0;283;185;2908;2;0;0;3378
Sološnica;0;0;0;;0;0;0;;29;20;2;;0;0;51
Somotor;0;0;0;0;0;0;0;0;5401;1500;11524;21;0;0;18446
Soľ;0;0;0;0;0;0;0;0;1233;417;8815;39;0;0;10504
Spišská Belá;18;;;;18;;;;0;;;;18;18;0
Spišská Belá zastávka;0;0;3;0;0;0;4;2;200;22;8466;3;3;6;8691
Spišská Nová Ves;1278;1094;2442;4;1236;2673;2220;6;5624;603;26437;74;4818;6135;32738
Spišské Podhradie;;3;72;;;3;72;;;0;0;;75;75;0
Spišské Tomášovce;0;0;0;0;0;0;0;0;11548;3188;26834;79;0;0;41649
Spišské Vlachy;23;325;76;0;26;323;76;3;11135;1375;31094;79;424;428;43683
Spišské Vlachy mesto;;0;0;;;0;0;;;6;144;;0;0;150
Spišský Štiavnik;0;0;0;0;0;0;0;0;11557;3326;26770;82;0;0;41735
Stakčín;123;2;3928;28;123;2;3935;28;0;0;0;0;4081;4088;0
Stankovany;0;0;0;0;0;0;0;0;11929;1415;29965;135;0;0;43444
Stanča;0;0;0;0;0;0;0;0;180;713;10037;5;0;0;10935
Stará Kremnička;0;0;0;0;0;0;0;0;560;372;2998;216;0;0;4146
Stará Lesná;;;0;;;;0;;;;14083;;0;0;14083
Stará Turá;0;24;10;;0;21;9;;7;298;7980;;34;30;8285
Stará Voda;0;0;0;0;0;0;0;0;44;73;10780;4;0;0;10901
Stará Ľubovňa;91;6;4219;1;90;7;4222;0;8;11;191;2;4317;4319;212
Starý Smokovec;;10;7194;0;;7;7281;1;;12;14920;0;7204;7289;14932
Staškov;;0;0;;;0;0;;;8;9283;;0;0;9291
Staškov zastávka;;0;0;;;0;0;;;8;9283;;0;0;9291
Stožok;649;279;1;0;609;428;1;1;631;663;15433;27;929;1039;16754
Stratená;0;0;0;0;0;0;0;0;15;23;4517;6;0;0;4561
Streda nad Bodrogom;19;222;3;1;18;219;3;1;5390;1357;11524;19;245;241;18290
Strekov;25;153;0;0;25;159;1;0;8040;2840;14196;137;178;185;25213
Strelenka;0;1;972;0;0;1;972;0;968;498;8512;2;973;973;9980
Strečno;0;0;0;0;0;0;0;0;12871;2480;35583;369;0;0;51303
Strážky zastávka;0;0;0;0;0;0;0;0;236;22;8477;5;0;0;8740
Strážske;1081;163;0;2;1108;179;13;1;8;115;7030;152;1246;1301;7305
Studený Potok;0;60;558;1;0;63;524;2;389;113;11468;9;619;589;11979
Sukov;0;0;0;0;0;0;0;0;174;6;5902;56;0;0;6138
Sučany;0;0;0;0;0;0;0;0;11853;1956;30407;195;0;0;44411
Svinná;0;0;0;0;0;0;0;0;271;129;2892;2;0;0;3294
Svit;23;93;3998;10;26;111;4000;8;11121;2965;21956;96;4124;4145;36138
Svrčinovec;0;0;0;0;0;0;0;0;29;239;13422;3;0;0;13693
Svrčinovec zastávka;0;0;0;0;0;0;0;0;10524;3177;11629;15;0;0;25345
Svätý Jur;0;2;0;0;0;2;2;0;7659;2446;58476;195;2;4;68776
Sykavka;0;0;0;0;0;0;0;0;15;23;4521;6;0;0;4565
Sása-Pliešovce;30;16;72;0;28;31;85;0;63;156;3852;5;118;144;4076
Sľažany;;0;0;0;;0;0;0;;183;2;2;0;0;187
Tatranská Lesná;;;0;;;;0;;;;14083;;0;0;14083
Tatranská Lomnica;;2;1323;1;;2;1323;1;;0;0;0;1326;1326;0
Tatranská Lomnica TEŽ;;;7042;;;;7041;;;;0;;7042;7041;0
Tatranská Lomnica zastávka;;0;0;0;;0;0;0;;4;2646;2;0;0;2652
Tatranská Polianka;;0;8;;;0;8;;;17;14762;;8;8;14779
Tatranské Zruby;;0;0;;;0;0;;;17;14780;;0;0;14797
Tatranský Lieskovec;;0;0;0;;0;0;0;;4;17364;10;0;0;17378
Tekovská Breznica;0;0;0;0;0;0;0;0;80;114;2002;2;0;0;2198
Tekovské Lužany;0;16;4;0;0;16;4;0;35;115;4588;1;20;20;4739
Tekovský Hrádok;0;0;0;0;0;0;0;0;35;146;4588;1;0;0;4770
Telgárt;6;8;1;0;8;7;799;1;2;4;923;1;15;815;930
Telgárt penzión;0;0;0;0;0;0;0;0;16;19;2572;2;0;0;2609
Teplička nad Hornádom;0;0;0;0;0;0;0;0;11189;1791;31095;79;0;0;44154
Terany;0;0;0;0;0;0;0;0;176;108;2003;4;0;0;2291
Tesárske Mlyňany;0;0;0;0;0;0;0;0;350;102;2681;7;0;0;3140
Tešedíkovo;0;0;5;2;0;0;6;1;20;123;2;0;7;7;145
Tisovec;;7;4666;6;;6;4660;17;;4;2;2;4679;4683;8
Tisovec mesto;;0;0;0;;0;0;0;;16;7505;4;0;0;7525
Tisovec závody;;0;0;0;;0;0;0;;16;7505;4;0;0;7525
Tisovec-Bánovo;;0;0;0;;0;0;0;;11;1827;23;0;0;1861
Tlmače;0;0;0;0;0;0;0;0;116;435;4781;8;0;0;5340
Tomášovce;262;44;44;0;278;32;69;0;810;316;15271;19;350;379;16416
Toporec;0;0;0;0;0;0;0;0;200;22;8470;3;0;0;8695
Topoľnica;0;0;0;0;0;0;0;0;11429;3725;26783;204;0;0;42141
Topoľčany;5;109;8919;3;4;113;8935;8;556;356;5812;50;9036;9060;6774
Topoľčianky;80;1;;;80;1;;;0;0;;;81;81;0
Tornaľa;1;110;3;1;1;110;10;2;830;208;5686;21;115;123;6745
Trebejov;0;0;0;0;0;0;0;0;12533;3398;55069;259;0;0;71259
Trebišov;933;1160;5439;11;877;1269;5438;15;244;325;8043;9;7543;7599;8621
Trebišov zastávka;0;0;0;0;0;0;0;0;350;217;3;1;0;0;571
Trenčianska Teplá;1094;680;6968;25;1083;735;6672;30;6518;1239;38759;114;8767;8520;46630
Trenčianska Teplá obec;;;0;0;;;0;0;;;379;2;0;0;381
Trenčianska Teplá zastávka;;;0;0;;;0;0;;;379;2;0;0;381
Trenčianska Teplá ÚRT;;;189;1;;;190;1;;;0;0;190;191;0
Trenčianska Turná;156;124;1;0;131;140;2;0;71;159;2907;2;281;273;3139
Trenčianske Bohuslavice;1;130;2;0;2;135;7;1;7618;1450;37424;118;133;145;46610
Trenčianske Jastrabie;0;0;0;0;0;0;0;0;271;129;2892;2;0;0;3294
Trenčianske Teplice;;;190;1;;;189;1;;;0;0;191;190;0
Trenčianske Teplice sídlisko;;;0;0;;;0;0;;;379;2;0;0;381
Trenčianske Teplice zastávka;;;0;0;;;0;0;;;379;2;0;0;381
Trenčín;15;244;9037;5;11;247;9332;8;8078;1585;38026;111;9301;9598;47800
Trenčín predmestie;0;0;0;0;0;0;0;0;522;399;2909;2;0;0;3832
Trenčín-Opatová;0;0;0;0;0;0;0;0;8105;1760;42740;117;0;0;52722
Trenčín-Zlatovce;27;186;5703;0;25;179;5705;1;7563;1426;37432;116;5916;5910;46537
Tretí Hámor;0;0;0;0;0;0;0;0;15;25;4521;6;0;0;4567
Trnava;34;170;23681;15;30;170;23708;27;7489;4137;39254;95;23900;23935;50975
Trnava nákladná stanica;1234;1674;62;26;1153;1753;242;27;6486;2245;67561;113;2996;3175;76405
Trnava predmestie;0;0;0;0;0;0;0;0;1592;1207;10141;3;0;0;12943
Trnavá Hora;0;0;0;0;0;0;0;0;560;372;2998;216;0;0;4146
Trnovec nad Váhom;746;622;2;0;770;598;2;0;9944;3175;26780;208;1370;1370;40107
Trstená;80;14;3891;;83;11;3891;;0;0;0;;3985;3985;0
Tulčík;0;0;0;0;0;0;0;0;170;124;7167;5;0;0;7466
Tupá;1;0;0;0;1;0;0;0;169;108;2003;4;1;1;2284
Turany;49;215;1;1;49;228;2;2;11314;1594;30407;192;266;281;43507
Turzovka;;2;3286;;;2;3283;;;4;5978;;3288;3285;5982
Turzovka zastávka;;0;0;;;0;0;;;4;9248;;0;0;9252
Turček;0;0;0;0;0;0;0;0;602;445;2984;206;0;0;4237
Turčianske Teplice;0;0;0;0;1;0;0;0;2259;1227;15751;108;0;1;19345
Turňa nad Bodvou;1203;554;37;0;1111;723;43;4;954;688;6210;36;1794;1881;7888
Tvrdošovce;55;142;1;0;53;146;0;2;10980;3749;26781;208;198;201;41718
Tvrdošín;12;34;28;;8;38;28;;68;20;7778;;74;74;7866
Udavské;77;0;0;0;77;0;0;0;215;7;7802;56;77;77;8080
Utekáč;;2;4160;;;2;4161;;;0;0;;4162;4163;0
Uľanka;0;144;0;0;0;120;0;0;1574;939;6652;22;144;120;9187
Valaliky;0;0;0;0;0;0;0;0;2562;1558;4848;12;0;0;8980
Valaská;0;0;0;0;0;0;0;0;320;238;10344;38;0;0;10940
Vaniškovce;0;0;0;0;0;0;0;0;170;76;7156;5;0;0;7407
Varín;272;113;2;1;267;171;2;1;10200;2224;35578;366;388;441;48368
Vaďovce;8;85;323;1;8;86;321;1;7;338;7979;0;417;416;8324
Vaľkovňa;0;0;0;0;0;0;0;0;15;17;4744;1;0;0;4777
Važec;0;0;0;0;0;0;0;0;11182;2019;24851;94;0;0;38146
Veličná;0;0;0;;0;0;0;;342;235;7969;;0;0;8546
Vernár;0;0;0;0;0;0;0;0;16;19;2572;2;0;0;2609
Veľaty;0;0;0;0;0;0;0;0;180;713;10037;5;0;0;10935
Veľká Ida;810;162;55;1;808;174;57;4;1428;1311;12346;64;1028;1043;15149
Veľká Lodina;0;0;0;0;0;0;0;0;11397;2102;31810;242;0;0;45551
Veľká Lomnica-Golf;;0;0;0;;0;0;0;;4;2646;2;0;0;2652
Veľká Lúka;0;0;0;0;0;0;0;0;1427;875;27660;45;0;0;30007
Veľká Paka;0;0;0;;0;0;0;;4702;407;20870;;0;0;25979
Veľká Ves;0;0;0;;0;0;0;;28;29;8343;;0;0;8400
Veľké Bielice;1;79;5;0;1;82;14;1;529;402;12867;65;85;98;13863
Veľké Blahovo;0;0;0;;0;0;0;;4735;386;20924;;0;0;26045
Veľké Kapušany;7;85;;;9;85;;;148;143;;;92;94;291
Veľké Kapušany zastávka;0;0;;;0;0;;;170;315;;;0;0;485
Veľké Kostoľany;24;39;0;0;26;39;0;0;7311;1550;28454;113;63;65;37428
Veľké Kozmálovce;168;42;1;1;144;65;1;3;87;411;4781;4;212;213;5283
Veľké Leváre;43;154;2;0;47;154;3;1;13664;2951;25001;32;199;205;41648
Veľké Ripňany;;4;1;;;4;1;;;59;8;;5;5;67
Veľké Teriakovce;0;0;0;0;0;0;0;0;53;92;7494;4;0;0;7643
Veľké Uherce;0;6;1;0;1;7;20;0;552;504;12861;66;7;28;13983
Veľký Biel;0;0;0;0;0;0;0;0;9581;2834;37468;141;0;0;50024
Veľký Horeš;4;203;0;0;4;207;0;2;5388;1368;11523;20;207;213;18299
Veľký Kýr;0;0;0;0;0;0;0;0;421;330;10231;54;0;0;11036
Veľký Meder;2;2;0;;1;3;1;;1798;216;9766;;4;5;11780
Veľký Slavkov;;0;9;2;;0;10;3;;24;15585;1;11;13;15610
Veľký Šariš;0;57;12;0;0;58;78;1;1618;836;13890;6;69;137;16350
Vidová;0;0;0;0;0;0;0;0;1431;1336;6286;26;0;0;9079
Višňové;0;0;0;0;0;0;0;0;23;508;8627;2;0;0;9160
Vlachovo;0;0;0;;0;0;0;;98;68;2;;0;0;168
Vlachovo obec;0;0;0;;0;0;0;;98;68;2;;0;0;168
Vlečka Agrochemický podnik Levice;;0;0;;;0;0;;;73;6;;0;0;79
Vlečka Agropodnik;0;0;0;;0;0;0;;8;8;44;;0;0;60
Vlečka Calmit;0;0;0;0;0;0;0;0;203;149;10793;6;0;0;11151
Vlečka Dakna;0;0;0;;0;0;0;;163;25;7782;;0;0;7970
Vlečka Dolný Štverník;;0;0;;;0;0;;;4;8;;0;0;12
Vlečka Ferona Slovakia;55;0;0;0;55;0;0;0;428;358;10232;54;55;55;11072
Vlečka Genes;;0;0;0;;0;0;0;;16;7505;4;0;0;7525
Vlečka Ignocast Slovakia;;0;0;0;;0;0;0;;16;7505;4;0;0;7525
Vlečka Imuna;0;0;0;0;0;0;0;0;1642;910;13980;6;0;0;16538
Vlečka KIA;649;21;;;662;12;;;0;0;;;670;674;0
Vlečka Lesy;51;4;0;0;53;2;0;0;177;52;4764;1;55;55;4994
Vlečka Lesy SR;0;0;0;0;0;0;0;0;297;218;8280;2;0;0;8797
Vlečka Lesy SR Beňuš 2;0;0;0;0;0;0;0;0;78;36;4764;1;0;0;4879
Vlečka Letisko;149;0;;;140;8;;;0;0;;;149;148;0
Vlečka Levočské Lúky;0;0;0;;0;0;0;;8;8;44;;0;0;60
Vlečka MFC- prevádzka Transformovňa Kráľova Lehota;0;0;0;0;0;0;0;0;11178;1741;24849;93;0;0;37861
Vlečka Olcnava;0;0;0;0;0;0;0;0;11188;1804;31102;79;0;0;44173
Vlečka Prelika;0;0;0;0;0;0;0;0;1643;877;13963;7;0;0;16490
Vlečka Priemyselný park Lozorno;0;0;0;;0;0;0;;1514;383;4;;0;0;1901
Vlečka Raimex;110;0;0;0;110;0;0;0;704;752;10163;4;110;110;11623
Vlečka Vagónka Trebišov;0;0;;0;0;0;;0;2687;640;;1;0;0;3328
Vlečka Vojenský opravárenský závod;0;0;;;0;0;;;190;79;;;0;0;269
Vlečka VÚ 5574;0;0;0;0;0;0;0;0;733;200;10350;38;0;0;11321
Vlečka VÚ 8838;0;0;0;0;0;0;0;0;389;258;11501;12;0;0;12160
Vlečka Výskumný ústav;0;0;;;0;0;;;56;8;;;0;0;64
Vlečka ÚNVV Leopoldov;68;0;0;0;69;0;0;0;1854;716;18777;1;68;69;21348
Vlkanová;9;26;54;1;10;25;56;1;1406;823;27551;43;90;92;29823
Vlčany;10;60;1;;10;61;1;;0;2;0;;71;72;2
Vojany;159;156;;;152;167;;;137;300;;;315;319;437
Vojčice;0;0;0;0;0;0;0;0;350;217;3;1;0;0;571
Volica;0;0;0;0;0;0;0;0;174;6;5902;56;0;0;6138
Volkovce;0;0;0;;0;0;0;;72;123;2;;0;0;197
Voznica;0;0;0;0;0;0;0;0;485;354;7064;2;0;0;7905
Vranov nad Topľou;209;151;372;1;138;142;404;1;763;260;8018;39;733;685;9080
Vranov nad Topľou predmestie;0;0;0;0;0;0;0;0;159;81;3;1;0;0;244
Vranov-Ortáše;0;0;0;0;0;0;0;0;159;81;3;1;0;0;244
Vranovské Dlhé;0;0;0;0;0;0;0;0;1291;323;8038;40;0;0;9692
Vrbovce;0;21;15;;0;21;16;;7;6;5065;;36;37;5078
Vrbovce zastávka;0;0;0;;0;0;0;;7;48;5094;;0;0;5149
Vráble;3;1;2;0;3;2;2;0;226;102;2681;7;6;7;3016
Vrútky;594;1090;12174;307;588;1121;12153;268;11651;1358;32082;68;14165;14130;45159
Vrútky nákladná stanica;137;207;6;1;141;197;5;2;11658;1763;30399;192;351;345;44012
Vydrník;21;218;29;2;22;222;32;1;11490;3032;26768;79;270;277;41369
Vysoká nad Kysucou;;0;0;;;0;0;;;4;9248;;0;0;9252
Vyškovce nad Ipľom;0;0;0;0;0;0;0;0;25;92;1945;1;0;0;2063
Vyšná Myšľa;0;0;0;0;0;0;0;0;6171;2187;20965;78;0;0;29401
Vyšné Hágy;;1;72;;;3;158;;;14;14614;;73;161;14628
Vyšné Čabiny;0;0;0;0;0;0;0;0;174;6;5902;56;0;0;6138
Vígľaš;0;41;0;2;1;38;0;2;1513;1299;15435;28;43;41;18275
Vítkovce;0;0;0;0;0;0;0;0;11190;1804;31101;79;0;0;44174
Východná;5;334;2;0;6;413;2;3;10420;1505;24845;92;341;424;36862
Výh. Brzotín;0;0;0;0;0;0;0;0;1916;1189;6286;27;0;0;9418
Výh. Budkovce ŠRT;2;82;;;1;77;;;2750;547;;;84;78;3297
Výh. Chym;0;2;0;0;0;2;0;0;2712;1406;12349;64;2;2;16531
Výh. Drienovec;0;0;0;0;0;0;0;0;2717;1299;6235;39;0;0;10290
Výh. Dvorníky-Zádiel;0;0;0;0;0;0;0;0;1859;1416;6278;37;0;0;9590
Výh. Dúbrava;1;6;0;0;1;8;0;0;1156;1118;10009;3;7;9;12286
Výh. Gánovce;0;0;0;0;0;0;0;0;5447;1512;12408;44;0;0;19411
Výh. Holiša;0;3;0;0;0;3;0;0;695;262;6219;12;3;3;7188
Výh. Horná Streda;0;0;0;0;0;0;0;0;7255;1570;28452;110;0;0;37387
Výh. Hornád ŠRT;1;37;;;1;35;;;2682;412;;;38;36;3094
Výh. Lučivná;0;0;0;0;1;0;0;0;11188;3036;24836;102;0;1;39162
Výh. Lúka;0;0;0;0;0;0;0;0;712;234;9551;19;0;0;10516
Výh. Lúčna;0;2;0;0;0;2;0;0;774;331;5692;21;2;2;6818
Výh. Nivy;0;0;0;0;0;0;0;1;7634;1709;37435;117;0;1;46895
Výh. Paludza;17;168;0;0;21;164;0;1;11407;1262;29960;108;185;186;42737
Výh. Pial;4;70;0;0;4;63;0;0;551;634;12826;6;74;67;14017
Výh. Plevník-Drienové;0;0;0;0;0;0;0;0;8720;2035;32934;207;0;0;43896
Výh. Potvorice;0;0;0;0;0;0;0;1;7254;1570;28452;109;0;1;37385
Výh. Ružín;0;0;0;0;0;0;0;0;11218;1705;31796;239;0;0;44958
Výh. Slančík ŠRT;0;48;;;0;51;;;2684;456;;;48;51;3140
Výh. Slatinka;0;30;0;0;0;30;0;1;1549;1272;15437;32;30;31;18290
Výh. Slivník;3;55;0;0;3;55;0;1;1066;1097;8654;27;58;59;10844
Výh. Slivník výh. č. 8;0;0;0;0;0;0;0;0;6320;3938;20957;49;0;0;31264
Výh. Slivník ŠRT;5;74;;1;6;86;;0;2679;503;;0;80;92;3182
Výh. Svätý Jur;0;4;1;3;0;3;0;7;7659;2448;58476;185;8;10;68768
Výh. Trebišov ŠRT;40;345;;0;37;336;;1;2678;303;;0;385;374;2981
Výh. Tunel;0;0;0;0;0;0;0;0;1844;1352;6256;33;0;0;9485
Výh. Urbánka;1;0;0;0;1;1;0;1;711;231;9559;20;1;3;10521
Výh. Vinohrady;0;2;0;0;0;2;0;0;772;238;5693;22;2;2;6725
Výh. Vojany ŠRT;222;163;;;242;130;;;2744;560;;;385;372;3304
Výčapy-Opatovce;0;0;0;0;0;0;0;0;626;569;15071;51;0;0;16317
Včelínce;0;0;0;0;0;0;0;0;833;427;5696;21;0;0;6977
Zalaba;0;0;0;0;0;0;0;0;25;92;1945;1;0;0;2063
Zariečie;0;0;0;0;0;0;0;0;949;712;10487;5;0;0;12153
Zbehy;1;99;6;0;1;101;6;2;1090;613;17024;1;106;110;18728
Zbehy obec;0;0;0;;0;0;0;;967;487;12581;;0;0;14035
Zbojská;;0;6;0;;0;6;0;;11;1815;23;6;6;1849
Zbudské Dlhé;0;0;0;0;0;0;0;0;224;7;5910;56;0;0;6197
Zbyňov;0;0;0;0;0;0;0;0;50;8;4458;1;0;0;4517
Zelené;0;0;0;;0;0;0;;28;17;8343;;0;0;8388
Zemianska Olča;2;8;46;;1;7;57;;1798;215;9669;;56;65;11682
Zemianske Kostoľany;30;38;19;0;31;42;60;1;546;379;12760;66;87;134;13751
Zlatno;0;0;0;;0;0;0;;23;11;6416;;0;0;6450
Zlatná na Ostrove;0;3;9;;0;6;12;;1800;224;9667;;12;18;11691
Zlaté Moravce;339;139;1343;0;341;137;1340;3;29;69;2;5;1821;1821;105
Zlaté Moravce závody;84;4;0;4;88;0;4;0;72;123;2;0;92;92;197
Zlaté Moravce-Prílepy;0;0;0;;0;0;0;;72;123;2;;0;0;197
Zohor;427;552;4;2;420;598;12;5;13817;3084;25007;33;985;1035;41941
Zvolen mesto;0;0;0;0;0;0;0;0;1489;881;27749;47;0;0;30166
Zvolen mesto odb.;0;0;0;0;0;0;0;0;1489;881;27749;47;0;0;30166
Zvolen nákladná stanica;958;1308;337;26;163;1560;336;28;1577;187;15417;12;2629;2087;17193
Zvolen osobná stanica;12;209;25290;154;16;226;25176;141;1245;1124;5634;22;25665;25559;8025
Zvolen východ;513;17;;;1324;19;;;0;0;;;530;1343;0
Zvolen východ výh. č. 302;0;0;0;0;0;0;0;0;1553;1286;15437;33;0;0;18309
Zvolenská Slatina;0;0;0;0;0;0;0;0;1553;1318;15436;32;0;0;18339
Závadka nad Hronom nákladisko;0;0;0;0;0;0;0;0;78;36;4764;1;0;0;4879
Závadka nad Hronom obec;0;0;0;0;0;0;0;0;78;36;4764;1;0;0;4879
Závadka nad Hronom zastávka;0;0;0;0;0;0;0;0;78;36;4764;1;0;0;4879
Závod;0;0;0;0;0;0;0;0;13755;3191;25004;32;0;0;41982
hranica BA - TT;0;0;0;0;0;0;0;0;35400;8857;142581;327;0;0;187165
hranica BB - KE;0;0;0;0;0;0;0;0;1301;302;8268;26;0;0;9897
hranica KE - PO;0;0;0;0;0;0;0;0;17373;5810;65465;578;0;0;89226
hranica NR - BB;0;0;0;0;0;0;0;0;255;219;4005;6;0;0;4485
hranica NR - TN;0;0;0;0;0;0;0;0;594;534;14454;59;0;0;15641
hranica TN -TT;;0;0;;;0;0;;;4;8;;0;0;12
hranica TT - NR;0;0;0;0;0;0;0;0;14518;4653;51794;205;0;0;71170
hranica TT - TN;0;0;0;0;0;0;0;0;7255;1570;28452;110;0;0;37387
hranica ZA - BB;0;0;0;0;0;0;0;0;2182;1548;9641;227;0;0;13598
hranica ZA - PO;0;0;0;0;0;0;0;0;11182;2019;24851;94;0;0;38146
hranica ZA - TN;0;0;0;0;0;0;0;0;9086;2264;39571;372;0;0;51293
km 13,100;0;0;0;0;0;0;0;0;1069;1182;8654;27;0;0;10932
km 16,600;0;0;0;0;0;0;0;0;565;733;12826;6;0;0;14130
km 16,800;0;0;0;0;0;0;0;0;565;733;12826;6;0;0;14130
km 188,800;0;0;0;0;0;0;0;0;941;434;15438;19;0;0;16832
km 2,600;0;0;0;0;0;0;0;0;3479;2045;24782;245;0;0;30551
km 28,000;0;0;0;0;0;0;0;0;1157;1132;10009;3;0;0;12301
km 3,500;0;0;0;0;0;0;0;0;1323;331;6600;98;0;0;8352
km 35,500;0;0;0;0;0;0;0;0;170;76;7156;5;0;0;7407
km 4,234;0;0;0;0;0;0;0;0;4015;2512;333;1;0;0;6861
km 4,300;0;0;0;0;0;0;0;0;630;785;10037;5;0;0;11457
km 56,900;0;0;0;0;0;0;0;0;1844;1352;6256;33;0;0;9485
km 6,600;0;0;0;0;0;0;0;0;25;92;1945;1;0;0;2063
km 7,000;0;0;;;0;0;;;450;72;;;0;0;522
km 73,000;0;0;0;0;0;0;0;0;6236;3683;20950;57;0;0;30926
km 80,400;0;0;0;0;0;0;0;0;16;19;2572;2;0;0;2609
odb.výh.č.101/203;0;0;0;0;0;0;0;0;1863;180;1;1;0;0;2045
odb.výh.č.536;0;0;0;0;0;0;0;0;9708;4273;16312;54;0;0;30347
Úpor;41;27;221;0;38;32;205;1;167;690;9880;5;289;276;10742
Úľany nad Žitavou;0;278;30;2;0;283;30;2;918;443;15427;16;310;315;16804
Čab-Sila;;0;0;;;0;0;;;73;6;;0;0;79
Čab-Sila zastávka;;0;0;;;0;0;;;73;6;;0;0;79
Čachtice;9;26;1;0;9;23;2;0;23;508;8627;2;36;34;9160
Čadca;2330;2108;10181;6;2335;2816;10174;6;4768;426;21877;12;14625;15331;27083
Čadca mesto;0;0;0;0;1;0;0;0;10693;2414;30696;18;0;1;43821
Čadca zastávka;;0;0;;;0;0;;;8;9283;;0;0;9291
Čakajovce;0;0;0;0;0;0;0;0;502;404;10490;48;0;0;11444
Čamovce;0;0;0;0;0;0;0;0;713;232;9560;20;0;0;10525
Čata;4;29;1181;1;1;38;1175;2;104;129;4666;2;1215;1216;4901
Čaňa;376;512;1;1;366;578;1;0;1894;596;4845;11;890;945;7346
Čerenčany;0;0;0;0;0;0;0;0;53;92;7494;4;0;0;7643
Čerhov;0;0;0;0;0;0;0;0;5221;1583;11534;20;0;0;18358
Červenica;0;0;0;0;0;0;0;0;1634;977;13774;6;0;0;16391
Červená Skala;7;5;1130;0;6;10;1844;0;2;3;885;1;1142;1860;891
České Brezovo;0;0;0;;0;0;0;;23;11;6416;;0;0;6450
Čečejovce;13;55;44;0;14;59;44;1;2684;1341;12262;64;112;118;16351
Čeľovce;5;93;0;0;5;83;0;0;1057;1145;8654;27;98;88;10883
Čierna nad Tisou;2659;2294;4762;10;3227;1634;4761;11;9;10;2752;0;9725;9633;2771
Čierna nad Tisou zastávka;0;0;0;0;0;0;0;0;4489;2135;11525;21;0;0;18170
Čierna nad Tisou ŠRT;913;52;;;826;140;;;0;0;;;965;966;0
Čierne nad Topľou;123;26;2;2;15;11;18;0;1077;399;8799;39;153;44;10314
Čierne pri Čadci;1;15;2;1;1;15;2;1;27;209;13419;1;19;19;13656
Čierne pri Čadci zastávka;0;0;0;0;0;0;0;0;27;209;13420;1;0;0;13657
Čierne-Polesie;0;0;0;0;0;0;0;0;27;209;13420;1;0;0;13657
Čirč;0;1;0;;0;1;0;;1263;503;186;;1;1;1952
Čoltovo;0;0;0;0;0;0;0;0;835;211;5696;24;0;0;6766
Čremošné;0;460;2;1;3;21;4;1;1136;642;6657;20;463;29;8455
Číž kúpele;0;0;0;0;0;0;0;0;774;331;5692;21;0;0;6818
Ďurková;0;0;0;0;0;0;0;0;1534;892;175;2;0;0;2603
Ľubiša;0;0;0;0;0;0;0;0;224;7;7802;56;0;0;8089
Ľubochňa;119;227;4;7;123;221;7;9;11822;1163;29956;120;357;360;43061
Ľubotín;0;0;0;0;0;0;0;0;1534;892;175;2;0;0;2603
Ľudovítov;0;0;0;0;0;0;0;0;10660;3651;20628;215;0;0;35154
Šahy;82;39;323;2;83;35;334;3;16;63;1638;0;446;455;1717
Šajdíkove Humence;45;37;7;0;45;38;8;0;1567;1343;8887;2;89;91;11799
Šalková;93;0;0;0;93;0;0;0;743;202;10349;37;93;93;11331
Šarišské Lúky;5;13;0;1;8;14;1;1;2315;559;15679;63;19;24;18616
Šarišské Michaľany;0;0;0;0;0;0;0;0;1642;910;13980;6;0;0;16538
Šaľa;70;275;4;2;70;277;5;5;11372;3570;26780;204;351;357;41926
Šaštín-Stráže;0;156;0;0;0;154;0;0;1667;1260;8894;2;156;154;11823
Šelpice;43;47;0;0;44;47;0;0;1407;1089;10141;3;90;91;12640
Šenkvice;30;41;4;0;30;43;5;2;7467;2424;57686;154;75;80;67731
Šiba;0;0;0;0;0;0;0;0;170;76;7156;5;0;0;7407
Štrba;28;2832;5;6;24;647;8;6;8954;785;24827;91;2871;685;34657
Štrba OŽ;;2;8682;5;;2;8682;5;;0;0;0;8689;8689;0
Štrba zastávka;0;0;0;0;0;0;0;0;11189;3036;24836;102;0;0;39163
Štrbské Pleso;;10;16083;5;;9;16089;5;;0;2;0;16098;16103;2
Štrkovec;0;0;0;0;0;0;0;0;833;427;5696;21;0;0;6977
Štítnik;28;0;;;28;0;;;0;8;;;28;28;8
Štítnik mesto;0;0;;;0;0;;;56;8;;;0;0;64
Štúrovo;3460;2437;6382;75;3425;2516;6384;68;2215;173;6515;5;12354;12393;8908
Štúrovo tranzitná skupina;733;71;0;0;751;65;0;0;6941;2728;14192;115;804;816;23976
Šurany;244;261;828;9;238;234;2147;7;1251;665;23326;66;1342;2626;25308
Šurany zastávka;0;0;0;0;0;0;0;0;921;433;15459;19;0;0;16832
Švedlár;0;1;2;0;0;2;2;0;59;73;10776;4;3;4;10912
Švedlár zastávka;0;0;0;0;0;0;0;0;59;76;10784;4;0;0;10923
Švošov;0;0;0;0;0;0;0;0;12059;1363;29961;121;0;0;43504
Šášovské Podhradie;0;0;0;0;0;0;0;0;704;752;10163;4;0;0;11623
Šíd;0;0;0;0;0;0;0;0;713;232;9559;20;0;0;10524
Šúrovce;0;0;0;0;0;0;0;0;2390;1168;175;158;0;0;3891
Šútovo;0;0;0;0;0;0;0;0;11825;1687;30409;192;0;0;44113
Ťahanovce;0;0;0;0;0;0;0;0;12696;3611;55053;265;0;0;71625
Žabokreky nad Nitrou;0;4;1;1;0;4;1;3;579;447;12894;63;6;8;13983
Žakarovce;0;0;0;0;0;0;0;0;203;149;10793;6;0;0;11151
Žarnovica;81;75;1138;0;84;75;1620;1;320;350;6978;2;1294;1780;7650
Želiezovce;37;15;35;0;27;26;30;0;21;100;4592;1;87;83;4714
Žiar nad Hronom;198;320;1;0;202;317;2;1;412;397;10158;3;519;522;10970
Žiar nad Hronom zastávka;0;0;0;0;0;0;0;0;666;683;10160;3;0;0;11512
Žihárec;0;0;0;;0;0;0;;20;123;2;;0;0;145
Žihárec zastávka;0;0;0;;0;0;0;;20;123;2;;0;0;145
Žilina;1074;3101;18704;200;1278;2993;18742;195;17730;2971;32836;139;23079;23208;53676
Žilina zariečie;0;0;0;0;0;0;0;0;339;138;4361;2;0;0;4840
Žilina zriaďovacia stanica;520;194;3;5;384;250;4;9;8698;1762;32934;218;722;647;43612
Žilina-Solinky;0;0;0;0;0;0;0;0;339;138;4361;2;0;0;4840
Žilina-Teplička;960;2334;338;10;639;1832;334;13;3743;402;17;14;3642;2818;4176
Žilina-Teplička TIP;137;5;;0;136;5;;0;297;4;;2;142;141;303
Žilina-Teplička odch. sk;5293;402;0;0;1524;1529;1;0;6711;2576;16310;54;5695;3054;25651
Žilina-Teplička smerová sk.;;1;;;;1;;;;0;;;1;1;0
Žilina-Teplička vchod. sk.;40;797;;;4182;45;;;1;13;;;837;4227;14
Žirany;;49;;;;50;;;;0;;;49;50;0
Celkový súčet;94458;95033;663635;4766;94199;96442;678144;4767;2798126;836311;13012760;48199;857892;873552;16695396
